-- phpMyAdmin SQL Dump
-- version 4.9.1
-- https://www.phpmyadmin.net/
--
-- Host: 127.0.0.1
-- Waktu pembuatan: 12 Jun 2020 pada 04.52
-- Versi server: 10.4.8-MariaDB
-- Versi PHP: 7.3.10

SET SQL_MODE = "NO_AUTO_VALUE_ON_ZERO";
SET AUTOCOMMIT = 0;
START TRANSACTION;
SET time_zone = "+00:00";


/*!40101 SET @OLD_CHARACTER_SET_CLIENT=@@CHARACTER_SET_CLIENT */;
/*!40101 SET @OLD_CHARACTER_SET_RESULTS=@@CHARACTER_SET_RESULTS */;
/*!40101 SET @OLD_COLLATION_CONNECTION=@@COLLATION_CONNECTION */;
/*!40101 SET NAMES utf8mb4 */;

--
-- Database: `dita_arima`
--

-- --------------------------------------------------------

--
-- Struktur dari tabel `admin`
--

CREATE TABLE `admin` (
  `IDAdmin` int(11) NOT NULL,
  `username` varchar(255) DEFAULT NULL,
  `name` varchar(255) DEFAULT NULL,
  `password` varchar(255) DEFAULT NULL
) ENGINE=InnoDB DEFAULT CHARSET=utf8mb4;

--
-- Dumping data untuk tabel `admin`
--

INSERT INTO `admin` (`IDAdmin`, `username`, `name`, `password`) VALUES
(1, 'admin', 'Admin', '21232f297a57a5a743894a0e4a801fc3');

-- --------------------------------------------------------

--
-- Struktur dari tabel `alattangkap`
--

CREATE TABLE `alattangkap` (
  `IDAlatTangkap` int(11) NOT NULL,
  `NamaAlatTangkap` varchar(255) DEFAULT NULL,
  `Jaring Pantai` varchar(255) DEFAULT NULL
) ENGINE=InnoDB DEFAULT CHARSET=utf8mb4;

--
-- Dumping data untuk tabel `alattangkap`
--

INSERT INTO `alattangkap` (`IDAlatTangkap`, `NamaAlatTangkap`, `Jaring Pantai`) VALUES
(1, 'Pursu seine', NULL),
(2, 'Gillnet', NULL),
(3, 'Pancing Ulur', NULL),
(4, 'Klithik', NULL),
(5, 'Pancing lain', NULL),
(6, 'Jaring pantai', NULL),
(7, 'Rawai hanyut', NULL),
(8, 'Rawai tetap', NULL);

-- --------------------------------------------------------

--
-- Struktur dari tabel `daemons`
--

CREATE TABLE `daemons` (
  `Start` text NOT NULL,
  `Info` text NOT NULL
) ENGINE=MyISAM DEFAULT CHARSET=utf8;

-- --------------------------------------------------------

--
-- Struktur dari tabel `datatangkapanikan`
--

CREATE TABLE `datatangkapanikan` (
  `IDDataTangkapanIkan` int(11) NOT NULL,
  `Bulan` int(11) DEFAULT NULL,
  `Tahun` int(11) DEFAULT NULL,
  `IDKecamatan` int(11) DEFAULT NULL,
  `IDIkan` int(11) DEFAULT NULL,
  `JumlahTangkapanIkan` float DEFAULT NULL
) ENGINE=InnoDB DEFAULT CHARSET=utf8mb4;

--
-- Dumping data untuk tabel `datatangkapanikan`
--

INSERT INTO `datatangkapanikan` (`IDDataTangkapanIkan`, `Bulan`, `Tahun`, `IDKecamatan`, `IDIkan`, `JumlahTangkapanIkan`) VALUES
(2059, 1, 2014, 1, 1, 3.18),
(2060, 2, 2014, 1, 1, 0.96),
(2061, 3, 2014, 1, 1, 419.05),
(2062, 4, 2014, 1, 1, 1736.98),
(2063, 5, 2014, 1, 1, 4912.59),
(2064, 6, 2014, 1, 1, 7825.61),
(2065, 7, 2014, 1, 1, 3974.79),
(2066, 8, 2014, 1, 1, 5072.89),
(2067, 9, 2014, 1, 1, 3001.63),
(2068, 10, 2014, 1, 1, 1262.73),
(2069, 11, 2014, 1, 1, 66.42),
(2070, 12, 2014, 1, 1, 21.6),
(2071, 1, 2015, 1, 1, 11.21),
(2072, 2, 2015, 1, 1, 8.95),
(2073, 3, 2015, 1, 1, 14.23),
(2074, 4, 2015, 1, 1, 1963.66),
(2075, 5, 2015, 1, 1, 6931.14),
(2076, 6, 2015, 1, 1, 9669.78),
(2077, 7, 2015, 1, 1, 3079.4),
(2078, 8, 2015, 1, 1, 2905.67),
(2079, 9, 2015, 1, 1, 690.63),
(2080, 10, 2015, 1, 1, 216.08),
(2081, 11, 2015, 1, 1, 18.06),
(2082, 12, 2015, 1, 1, 4.72),
(2083, 1, 2016, 1, 1, 12.11),
(2084, 2, 2016, 1, 1, 15.24),
(2085, 3, 2016, 1, 1, 8.04),
(2086, 4, 2016, 1, 1, 375.51),
(2087, 5, 2016, 1, 1, 3211.61),
(2088, 6, 2016, 1, 1, 9602.46),
(2089, 7, 2016, 1, 1, 7263.65),
(2090, 8, 2016, 1, 1, 4061.86),
(2091, 9, 2016, 1, 1, 1568.1),
(2092, 10, 2016, 1, 1, 1331.98),
(2093, 11, 2016, 1, 1, 1099.98),
(2094, 12, 2016, 1, 1, 381.94),
(2095, 1, 2017, 1, 1, 5.38),
(2096, 2, 2017, 1, 1, 68.13),
(2097, 3, 2017, 1, 1, 59.71),
(2098, 4, 2017, 1, 1, 31.19),
(2099, 5, 2017, 1, 1, 1697.19),
(2100, 6, 2017, 1, 1, 2692.34),
(2101, 7, 2017, 1, 1, 2215.74),
(2102, 8, 2017, 1, 1, 2230.01),
(2103, 9, 2017, 1, 1, 1515.5),
(2104, 10, 2017, 1, 1, 171.74),
(2105, 11, 2017, 1, 1, 126.17),
(2106, 12, 2017, 1, 1, 13.56),
(2107, 1, 2018, 1, 1, 2.03),
(2108, 2, 2018, 1, 1, 2.77),
(2109, 3, 2018, 1, 1, 7.68),
(2110, 4, 2018, 1, 1, 70.6),
(2111, 5, 2018, 1, 1, 837.67),
(2112, 6, 2018, 1, 1, 756.94),
(2113, 7, 2018, 1, 1, 779.88),
(2114, 8, 2018, 1, 1, 1906.72),
(2115, 9, 2018, 1, 1, 1060.03),
(2116, 10, 2018, 1, 1, 725.67),
(2117, 11, 2018, 1, 1, 468.68),
(2118, 12, 2018, 1, 1, 104.96),
(2119, 1, 2019, 1, 1, 5.92),
(2120, 2, 2019, 1, 1, 16.4),
(2121, 3, 2019, 1, 1, 23.4),
(2122, 4, 2019, 1, 1, 140.78),
(2123, 5, 2019, 1, 1, 849.56),
(2124, 6, 2019, 1, 1, 860.98),
(2125, 7, 2019, 1, 1, 974.21),
(2126, 8, 2019, 1, 1, 2370.38),
(2127, 9, 2019, 1, 1, 1198.6),
(2128, 10, 2019, 1, 1, 679.59),
(2129, 11, 2019, 1, 1, 360.49),
(2130, 12, 2019, 1, 1, 80.73),
(2131, 1, 2014, 2, 1, 16.79),
(2132, 2, 2014, 2, 1, 5.05),
(2133, 3, 2014, 2, 1, 2211.67),
(2134, 4, 2014, 2, 1, 9167.41),
(2135, 5, 2014, 2, 1, 25927.6),
(2136, 6, 2014, 2, 1, 41301.8),
(2137, 7, 2014, 2, 1, 20978.1),
(2138, 8, 2014, 2, 1, 26773.6),
(2139, 9, 2014, 2, 1, 15841.9),
(2140, 10, 2014, 2, 1, 6664.42),
(2141, 11, 2014, 2, 1, 350.53),
(2142, 12, 2014, 2, 1, 114),
(2143, 1, 2015, 2, 1, 59.19),
(2144, 2, 2015, 2, 1, 47.22),
(2145, 3, 2015, 2, 1, 75.09),
(2146, 4, 2015, 2, 1, 10363.8),
(2147, 5, 2015, 2, 1, 36581),
(2148, 6, 2015, 2, 1, 51034.9),
(2149, 7, 2015, 2, 1, 16252.4),
(2150, 8, 2015, 2, 1, 15335.5),
(2151, 9, 2015, 2, 1, 3645.02),
(2152, 10, 2015, 2, 1, 1140.4),
(2153, 11, 2015, 2, 1, 95.3),
(2154, 12, 2015, 2, 1, 24.91),
(2155, 1, 2016, 2, 1, 63.94),
(2156, 2, 2016, 2, 1, 80.45),
(2157, 3, 2016, 2, 1, 42.44),
(2158, 4, 2016, 2, 1, 1981.87),
(2159, 5, 2016, 2, 1, 16950.2),
(2160, 6, 2016, 2, 1, 50679.6),
(2161, 7, 2016, 2, 1, 38335.9),
(2162, 8, 2016, 2, 1, 21437.6),
(2163, 9, 2016, 2, 1, 8276.09),
(2164, 10, 2016, 2, 1, 7029.88),
(2165, 11, 2016, 2, 1, 5805.45),
(2166, 12, 2016, 2, 1, 2015.78),
(2167, 1, 2017, 2, 1, 28.41),
(2168, 2, 2017, 2, 1, 359.55),
(2169, 3, 2017, 2, 1, 315.14),
(2170, 4, 2017, 2, 1, 164.59),
(2171, 5, 2017, 2, 1, 8957.38),
(2172, 6, 2017, 2, 1, 14209.6),
(2173, 7, 2017, 2, 1, 11694.2),
(2174, 8, 2017, 2, 1, 11769.5),
(2175, 9, 2017, 2, 1, 7998.45),
(2176, 10, 2017, 2, 1, 906.4),
(2177, 11, 2017, 2, 1, 665.89),
(2178, 12, 2017, 2, 1, 71.56),
(2179, 1, 2018, 2, 1, 10.7),
(2180, 2, 2018, 2, 1, 14.63),
(2181, 3, 2018, 2, 1, 40.51),
(2182, 4, 2018, 2, 1, 372.59),
(2183, 5, 2018, 2, 1, 4421.03),
(2184, 6, 2018, 2, 1, 3994.97),
(2185, 7, 2018, 2, 1, 4116.06),
(2186, 8, 2018, 2, 1, 10063.2),
(2187, 9, 2018, 2, 1, 5594.62),
(2188, 10, 2018, 2, 1, 3829.93),
(2189, 11, 2018, 2, 1, 2473.61),
(2190, 12, 2018, 2, 1, 553.95),
(2191, 1, 2019, 2, 1, 31.26),
(2192, 2, 2019, 2, 1, 86.55),
(2193, 3, 2019, 2, 1, 123.5),
(2194, 4, 2019, 2, 1, 743),
(2195, 5, 2019, 2, 1, 4483.81),
(2196, 6, 2019, 2, 1, 4544.04),
(2197, 7, 2019, 2, 1, 5141.69),
(2198, 8, 2019, 2, 1, 12510.4),
(2199, 9, 2019, 2, 1, 6325.96),
(2200, 10, 2019, 2, 1, 3586.73),
(2201, 11, 2019, 2, 1, 1902.57),
(2202, 12, 2019, 2, 1, 426.06),
(2203, 1, 2014, 3, 1, 8.84),
(2204, 2, 2014, 3, 1, 2.66),
(2205, 3, 2014, 3, 1, 1164.04),
(2206, 4, 2014, 3, 1, 4824.96),
(2207, 5, 2014, 3, 1, 13646.1),
(2208, 6, 2014, 3, 1, 21737.8),
(2209, 7, 2014, 3, 1, 11041.1),
(2210, 8, 2014, 3, 1, 14091.3),
(2211, 9, 2014, 3, 1, 8337.87),
(2212, 10, 2014, 3, 1, 3507.59),
(2213, 11, 2014, 3, 1, 184.49),
(2214, 12, 2014, 3, 1, 60),
(2215, 1, 2015, 3, 1, 31.15),
(2216, 2, 2015, 3, 1, 24.85),
(2217, 3, 2015, 3, 1, 39.52),
(2218, 4, 2015, 3, 1, 5454.62),
(2219, 5, 2015, 3, 1, 19253.2),
(2220, 6, 2015, 3, 1, 26860.5),
(2221, 7, 2015, 3, 1, 8553.9),
(2222, 8, 2015, 3, 1, 8071.3),
(2223, 9, 2015, 3, 1, 1918.43),
(2224, 10, 2015, 3, 1, 600.21),
(2225, 11, 2015, 3, 1, 50.16),
(2226, 12, 2015, 3, 1, 13.11),
(2227, 1, 2016, 3, 1, 33.65),
(2228, 2, 2016, 3, 1, 42.34),
(2229, 3, 2016, 3, 1, 22.34),
(2230, 4, 2016, 3, 1, 1043.09),
(2231, 5, 2016, 3, 1, 8921.15),
(2232, 6, 2016, 3, 1, 26673.5),
(2233, 7, 2016, 3, 1, 20176.8),
(2234, 8, 2016, 3, 1, 11283),
(2235, 9, 2016, 3, 1, 4355.84),
(2236, 10, 2016, 3, 1, 3699.94),
(2237, 11, 2016, 3, 1, 3055.5),
(2238, 12, 2016, 3, 1, 1060.94),
(2239, 1, 2017, 3, 1, 14.95),
(2240, 2, 2017, 3, 1, 189.24),
(2241, 3, 2017, 3, 1, 165.86),
(2242, 4, 2017, 3, 1, 86.63),
(2243, 5, 2017, 3, 1, 4714.41),
(2244, 6, 2017, 3, 1, 7478.73),
(2245, 7, 2017, 3, 1, 6154.84),
(2246, 8, 2017, 3, 1, 6194.48),
(2247, 9, 2017, 3, 1, 4209.71),
(2248, 10, 2017, 3, 1, 477.05),
(2249, 11, 2017, 3, 1, 350.47),
(2250, 12, 2017, 3, 1, 37.66),
(2251, 1, 2018, 3, 1, 5.63),
(2252, 2, 2018, 3, 1, 7.7),
(2253, 3, 2018, 3, 1, 21.32),
(2254, 4, 2018, 3, 1, 196.1),
(2255, 5, 2018, 3, 1, 2326.86),
(2256, 6, 2018, 3, 1, 2102.61),
(2257, 7, 2018, 3, 1, 2166.35),
(2258, 8, 2018, 3, 1, 5296.43),
(2259, 9, 2018, 3, 1, 2944.54),
(2260, 10, 2018, 3, 1, 2015.75),
(2261, 11, 2018, 3, 1, 1301.9),
(2262, 12, 2018, 3, 1, 291.55),
(2263, 1, 2019, 3, 1, 16.45),
(2264, 2, 2019, 3, 1, 45.55),
(2265, 3, 2019, 3, 1, 65),
(2266, 4, 2019, 3, 1, 391.05),
(2267, 5, 2019, 3, 1, 2359.9),
(2268, 6, 2019, 3, 1, 2391.6),
(2269, 7, 2019, 3, 1, 2706.15),
(2270, 8, 2019, 3, 1, 6584.4),
(2271, 9, 2019, 3, 1, 3329.45),
(2272, 10, 2019, 3, 1, 1887.75),
(2273, 11, 2019, 3, 1, 1001.35),
(2274, 12, 2019, 3, 1, 224.24),
(2275, 1, 2014, 4, 1, 108.14),
(2276, 2, 2014, 4, 1, 32.56),
(2277, 3, 2014, 4, 1, 14247.8),
(2278, 4, 2014, 4, 1, 59057.4),
(2279, 5, 2014, 4, 1, 167028),
(2280, 6, 2014, 4, 1, 266071),
(2281, 7, 2014, 4, 1, 135143),
(2282, 8, 2014, 4, 1, 172478),
(2283, 9, 2014, 4, 1, 102055),
(2284, 10, 2014, 4, 1, 42932.9),
(2285, 11, 2014, 4, 1, 2258.16),
(2286, 12, 2014, 4, 1, 734.4),
(2287, 1, 2015, 4, 1, 381.28),
(2288, 2, 2015, 4, 1, 304.16),
(2289, 3, 2015, 4, 1, 483.72),
(2290, 4, 2015, 4, 1, 66764.5),
(2291, 5, 2015, 4, 1, 235659),
(2292, 6, 2015, 4, 1, 328772),
(2293, 7, 2015, 4, 1, 104700),
(2294, 8, 2015, 4, 1, 98792.6),
(2295, 9, 2015, 4, 1, 23481.6),
(2296, 10, 2015, 4, 1, 7346.57),
(2297, 11, 2015, 4, 1, 613.96),
(2298, 12, 2015, 4, 1, 160.47),
(2299, 1, 2016, 4, 1, 411.88),
(2300, 2, 2016, 4, 1, 518.24),
(2301, 3, 2016, 4, 1, 273.41),
(2302, 4, 2016, 4, 1, 12767.4),
(2303, 5, 2016, 4, 1, 109195),
(2304, 6, 2016, 4, 1, 326484),
(2305, 7, 2016, 4, 1, 246964),
(2306, 8, 2016, 4, 1, 138103),
(2307, 9, 2016, 4, 1, 53315.4),
(2308, 10, 2016, 4, 1, 45287.2),
(2309, 11, 2016, 4, 1, 37399.3),
(2310, 12, 2016, 4, 1, 12985.9),
(2311, 1, 2017, 4, 1, 183.05),
(2312, 2, 2017, 4, 1, 2316.26),
(2313, 3, 2017, 4, 1, 2030.17),
(2314, 4, 2017, 4, 1, 1060.29),
(2315, 5, 2017, 4, 1, 57704.4),
(2316, 6, 2017, 4, 1, 91539.6),
(2317, 7, 2017, 4, 1, 75335.2),
(2318, 8, 2017, 4, 1, 75820.4),
(2319, 9, 2017, 4, 1, 51526.9),
(2320, 10, 2017, 4, 1, 5839.09),
(2321, 11, 2017, 4, 1, 4289.77),
(2322, 12, 2017, 4, 1, 460.99),
(2323, 1, 2018, 4, 1, 68.96),
(2324, 2, 2018, 4, 1, 94.25),
(2325, 3, 2018, 4, 1, 260.96),
(2326, 4, 2018, 4, 1, 2400.29),
(2327, 5, 2018, 4, 1, 28480.7),
(2328, 6, 2018, 4, 1, 25736),
(2329, 7, 2018, 4, 1, 26516.1),
(2330, 8, 2018, 4, 1, 64828.3),
(2331, 9, 2018, 4, 1, 36041.1),
(2332, 10, 2018, 4, 1, 24672.8),
(2333, 11, 2018, 4, 1, 15935.3),
(2334, 12, 2018, 4, 1, 3568.57),
(2335, 1, 2019, 4, 1, 201.35),
(2336, 2, 2019, 4, 1, 557.53),
(2337, 3, 2019, 4, 1, 795.6),
(2338, 4, 2019, 4, 1, 4786.45),
(2339, 5, 2019, 4, 1, 28885.2),
(2340, 6, 2019, 4, 1, 29273.2),
(2341, 7, 2019, 4, 1, 33123.3),
(2342, 8, 2019, 4, 1, 80593.1),
(2343, 9, 2019, 4, 1, 40752.5),
(2344, 10, 2019, 4, 1, 23106.1),
(2345, 11, 2019, 4, 1, 12256.5),
(2346, 12, 2019, 4, 1, 2744.75),
(2347, 1, 2014, 5, 1, 22.09),
(2348, 2, 2014, 5, 1, 6.65),
(2349, 3, 2014, 5, 1, 2910.09),
(2350, 4, 2014, 5, 1, 12062.4),
(2351, 5, 2014, 5, 1, 34115.2),
(2352, 6, 2014, 5, 1, 54344.5),
(2353, 7, 2014, 5, 1, 27602.7),
(2354, 8, 2014, 5, 1, 35228.4),
(2355, 9, 2014, 5, 1, 20844.7),
(2356, 10, 2014, 5, 1, 8768.98),
(2357, 11, 2014, 5, 1, 461.23),
(2358, 12, 2014, 5, 1, 150),
(2359, 1, 2015, 5, 1, 77.88),
(2360, 2, 2015, 5, 1, 62.13),
(2361, 3, 2015, 5, 1, 98.8),
(2362, 4, 2015, 5, 1, 13636.5),
(2363, 5, 2015, 5, 1, 48132.9),
(2364, 6, 2015, 5, 1, 67151.2),
(2365, 7, 2015, 5, 1, 21384.7),
(2366, 8, 2015, 5, 1, 20178.2),
(2367, 9, 2015, 5, 1, 4796.08),
(2368, 10, 2015, 5, 1, 1500.53),
(2369, 11, 2015, 5, 1, 125.4),
(2370, 12, 2015, 5, 1, 32.78),
(2371, 1, 2016, 5, 1, 84.13),
(2372, 2, 2016, 5, 1, 105.85),
(2373, 3, 2016, 5, 1, 55.84),
(2374, 4, 2016, 5, 1, 2607.72),
(2375, 5, 2016, 5, 1, 22302.9),
(2376, 6, 2016, 5, 1, 66683.8),
(2377, 7, 2016, 5, 1, 50442),
(2378, 8, 2016, 5, 1, 28207.4),
(2379, 9, 2016, 5, 1, 10889.6),
(2380, 10, 2016, 5, 1, 9249.84),
(2381, 11, 2016, 5, 1, 7638.75),
(2382, 12, 2016, 5, 1, 2652.34),
(2383, 1, 2017, 5, 1, 37.39),
(2384, 2, 2017, 5, 1, 473.09),
(2385, 3, 2017, 5, 1, 414.66),
(2386, 4, 2017, 5, 1, 216.56),
(2387, 5, 2017, 5, 1, 11786),
(2388, 6, 2017, 5, 1, 18696.8),
(2389, 7, 2017, 5, 1, 15387.1),
(2390, 8, 2017, 5, 1, 15486.2),
(2391, 9, 2017, 5, 1, 10524.3),
(2392, 10, 2017, 5, 1, 1192.63),
(2393, 11, 2017, 5, 1, 876.18),
(2394, 12, 2017, 5, 1, 94.16),
(2395, 1, 2018, 5, 1, 14.09),
(2396, 2, 2018, 5, 1, 19.25),
(2397, 3, 2018, 5, 1, 53.3),
(2398, 4, 2018, 5, 1, 490.26),
(2399, 5, 2018, 5, 1, 5817.14),
(2400, 6, 2018, 5, 1, 5256.53),
(2401, 7, 2018, 5, 1, 5415.86),
(2402, 8, 2018, 5, 1, 13241.1),
(2403, 9, 2018, 5, 1, 7361.34),
(2404, 10, 2018, 5, 1, 5039.38),
(2405, 11, 2018, 5, 1, 3254.75),
(2406, 12, 2018, 5, 1, 728.88),
(2407, 1, 2019, 5, 1, 41.13),
(2408, 2, 2019, 5, 1, 113.88),
(2409, 3, 2019, 5, 1, 162.5),
(2410, 4, 2019, 5, 1, 977.63),
(2411, 5, 2019, 5, 1, 5899.75),
(2412, 6, 2019, 5, 1, 5979),
(2413, 7, 2019, 5, 1, 6765.38),
(2414, 8, 2019, 5, 1, 16461),
(2415, 9, 2019, 5, 1, 8323.63),
(2416, 10, 2019, 5, 1, 4719.38),
(2417, 11, 2019, 5, 1, 2503.38),
(2418, 12, 2019, 5, 1, 560.61),
(2419, 1, 2014, 6, 1, 17.67),
(2420, 2, 2014, 6, 1, 5.32),
(2421, 3, 2014, 6, 1, 2328.07),
(2422, 4, 2014, 6, 1, 9649.91),
(2423, 5, 2014, 6, 1, 27292.2),
(2424, 6, 2014, 6, 1, 43475.6),
(2425, 7, 2014, 6, 1, 22082.2),
(2426, 8, 2014, 6, 1, 28182.7),
(2427, 9, 2014, 6, 1, 16675.7),
(2428, 10, 2014, 6, 1, 7015.18),
(2429, 11, 2014, 6, 1, 368.98),
(2430, 12, 2014, 6, 1, 120),
(2431, 1, 2015, 6, 1, 62.3),
(2432, 2, 2015, 6, 1, 49.7),
(2433, 3, 2015, 6, 1, 79.04),
(2434, 4, 2015, 6, 1, 10909.2),
(2435, 5, 2015, 6, 1, 38506.4),
(2436, 6, 2015, 6, 1, 53721),
(2437, 7, 2015, 6, 1, 17107.8),
(2438, 8, 2015, 6, 1, 16142.6),
(2439, 9, 2015, 6, 1, 3836.86),
(2440, 10, 2015, 6, 1, 1200.42),
(2441, 11, 2015, 6, 1, 100.32),
(2442, 12, 2015, 6, 1, 26.22),
(2443, 1, 2016, 6, 1, 67.3),
(2444, 2, 2016, 6, 1, 84.68),
(2445, 3, 2016, 6, 1, 44.67),
(2446, 4, 2016, 6, 1, 2086.18),
(2447, 5, 2016, 6, 1, 17842.3),
(2448, 6, 2016, 6, 1, 53347),
(2449, 7, 2016, 6, 1, 40353.6),
(2450, 8, 2016, 6, 1, 22565.9),
(2451, 9, 2016, 6, 1, 8711.68),
(2452, 10, 2016, 6, 1, 7399.88),
(2453, 11, 2016, 6, 1, 6111),
(2454, 12, 2016, 6, 1, 2121.88),
(2455, 1, 2017, 6, 1, 29.91),
(2456, 2, 2017, 6, 1, 378.47),
(2457, 3, 2017, 6, 1, 331.73),
(2458, 4, 2017, 6, 1, 173.25),
(2459, 5, 2017, 6, 1, 9428.83),
(2460, 6, 2017, 6, 1, 14957.5),
(2461, 7, 2017, 6, 1, 12309.7),
(2462, 8, 2017, 6, 1, 12389),
(2463, 9, 2017, 6, 1, 8419.43),
(2464, 10, 2017, 6, 1, 954.1),
(2465, 11, 2017, 6, 1, 700.94),
(2466, 12, 2017, 6, 1, 75.33),
(2467, 1, 2018, 6, 1, 11.27),
(2468, 2, 2018, 6, 1, 15.4),
(2469, 3, 2018, 6, 1, 42.64),
(2470, 4, 2018, 6, 1, 392.21),
(2471, 5, 2018, 6, 1, 4653.71),
(2472, 6, 2018, 6, 1, 4205.23),
(2473, 7, 2018, 6, 1, 4332.69),
(2474, 8, 2018, 6, 1, 10592.9),
(2475, 9, 2018, 6, 1, 5889.07),
(2476, 10, 2018, 6, 1, 4031.5),
(2477, 11, 2018, 6, 1, 2603.8),
(2478, 12, 2018, 6, 1, 583.1),
(2479, 1, 2019, 6, 1, 32.9),
(2480, 2, 2019, 6, 1, 91.1),
(2481, 3, 2019, 6, 1, 130),
(2482, 4, 2019, 6, 1, 782.1),
(2483, 5, 2019, 6, 1, 4719.8),
(2484, 6, 2019, 6, 1, 4783.2),
(2485, 7, 2019, 6, 1, 5412.3),
(2486, 8, 2019, 6, 1, 13168.8),
(2487, 9, 2019, 6, 1, 6658.9),
(2488, 10, 2019, 6, 1, 3775.5),
(2489, 11, 2019, 6, 1, 2002.7),
(2490, 12, 2019, 6, 1, 448.49),
(2491, 1, 2014, 1, 3, 124.76),
(2492, 2, 2014, 1, 3, 108.62),
(2493, 3, 2014, 1, 3, 1105.41),
(2494, 4, 2014, 1, 3, 7232.99),
(2495, 5, 2014, 1, 3, 11559),
(2496, 6, 2014, 1, 3, 2783.44),
(2497, 7, 2014, 1, 3, 5035.47),
(2498, 8, 2014, 1, 3, 1608.67),
(2499, 9, 2014, 1, 3, 1098.57),
(2500, 10, 2014, 1, 3, 2220.95),
(2501, 11, 2014, 1, 3, 845.12),
(2502, 12, 2014, 1, 3, 501.92),
(2503, 1, 2015, 1, 3, 53.63),
(2504, 2, 2015, 1, 3, 148.6),
(2505, 3, 2015, 1, 3, 1243.1),
(2506, 4, 2015, 1, 3, 2161.44),
(2507, 5, 2015, 1, 3, 3898.32),
(2508, 6, 2015, 1, 3, 21658.9),
(2509, 7, 2015, 1, 3, 13295.9),
(2510, 8, 2015, 1, 3, 6650.29),
(2511, 9, 2015, 1, 3, 3661.86),
(2512, 10, 2015, 1, 3, 2452.96),
(2513, 11, 2015, 1, 3, 1804.84),
(2514, 12, 2015, 1, 3, 23.91),
(2515, 1, 2016, 1, 3, 24.22),
(2516, 2, 2016, 1, 3, 238.57),
(2517, 3, 2016, 1, 3, 446.12),
(2518, 4, 2016, 1, 3, 3313.52),
(2519, 5, 2016, 1, 3, 6306.02),
(2520, 6, 2016, 1, 3, 5989.46),
(2521, 7, 2016, 1, 3, 2212.58),
(2522, 8, 2016, 1, 3, 581.39),
(2523, 9, 2016, 1, 3, 872.01),
(2524, 10, 2016, 1, 3, 864.19),
(2525, 11, 2016, 1, 3, 1588.4),
(2526, 12, 2016, 1, 3, 904.46),
(2527, 1, 2017, 1, 3, 421.12),
(2528, 2, 2017, 1, 3, 671.61),
(2529, 3, 2017, 1, 3, 2854.75),
(2530, 4, 2017, 1, 3, 6292.48),
(2531, 5, 2017, 1, 3, 9682.56),
(2532, 6, 2017, 1, 3, 5274.09),
(2533, 7, 2017, 1, 3, 15666.9),
(2534, 8, 2017, 1, 3, 15100.5),
(2535, 9, 2017, 1, 3, 19819.1),
(2536, 10, 2017, 1, 3, 16579.9),
(2537, 11, 2017, 1, 3, 7869.9),
(2538, 12, 2017, 1, 3, 2283.67),
(2539, 1, 2018, 1, 3, 351.76),
(2540, 2, 2018, 1, 3, 539.78),
(2541, 3, 2018, 1, 3, 468.38),
(2542, 4, 2018, 1, 3, 5340.69),
(2543, 5, 2018, 1, 3, 7184),
(2544, 6, 2018, 1, 3, 10357.8),
(2545, 7, 2018, 1, 3, 15734.7),
(2546, 8, 2018, 1, 3, 20929.9),
(2547, 9, 2018, 1, 3, 13898.5),
(2548, 10, 2018, 1, 3, 5491.42),
(2549, 11, 2018, 1, 3, 3737.79),
(2550, 12, 2018, 1, 3, 1055.02),
(2551, 1, 2019, 1, 3, 218.07),
(2552, 2, 2019, 1, 3, 715.9),
(2553, 3, 2019, 1, 3, 3079.89),
(2554, 4, 2019, 1, 3, 3721.81),
(2555, 5, 2019, 1, 3, 7854.41),
(2556, 6, 2019, 1, 3, 8333.23),
(2557, 7, 2019, 1, 3, 14070.8),
(2558, 8, 2019, 1, 3, 6533.62),
(2559, 9, 2019, 1, 3, 4304.47),
(2560, 10, 2019, 1, 3, 3737.34),
(2561, 11, 2019, 1, 3, 2379.26),
(2562, 12, 2019, 1, 3, 677.25),
(2563, 1, 2014, 2, 3, 658.46),
(2564, 2, 2014, 2, 3, 573.27),
(2565, 3, 2014, 2, 3, 5834.12),
(2566, 4, 2014, 2, 3, 38174.1),
(2567, 5, 2014, 2, 3, 61005.9),
(2568, 6, 2014, 2, 3, 14690.3),
(2569, 7, 2014, 2, 3, 26576.1),
(2570, 8, 2014, 2, 3, 8490.18),
(2571, 9, 2014, 2, 3, 5798.02),
(2572, 10, 2014, 2, 3, 11721.7),
(2573, 11, 2014, 2, 3, 4460.34),
(2574, 12, 2014, 2, 3, 2649.02),
(2575, 1, 2015, 2, 3, 283.02),
(2576, 2, 2015, 2, 3, 784.27),
(2577, 3, 2015, 2, 3, 6560.81),
(2578, 4, 2015, 2, 3, 11407.6),
(2579, 5, 2015, 2, 3, 20574.5),
(2580, 6, 2015, 2, 3, 114311),
(2581, 7, 2015, 2, 3, 70172.6),
(2582, 8, 2015, 2, 3, 35098.8),
(2583, 9, 2015, 2, 3, 19326.5),
(2584, 10, 2015, 2, 3, 12946.2),
(2585, 11, 2015, 2, 3, 9525.53),
(2586, 12, 2015, 2, 3, 126.17),
(2587, 1, 2016, 2, 3, 127.82),
(2588, 2, 2016, 2, 3, 1259.15),
(2589, 3, 2016, 2, 3, 2354.53),
(2590, 4, 2016, 2, 3, 17488),
(2591, 5, 2016, 2, 3, 33281.8),
(2592, 6, 2016, 2, 3, 31611),
(2593, 7, 2016, 2, 3, 11677.5),
(2594, 8, 2016, 2, 3, 3068.46),
(2595, 9, 2016, 2, 3, 4602.27),
(2596, 10, 2016, 2, 3, 4561),
(2597, 11, 2016, 2, 3, 8383.22),
(2598, 12, 2016, 2, 3, 4773.54),
(2599, 1, 2017, 2, 3, 2222.59),
(2600, 2, 2017, 2, 3, 3544.62),
(2601, 3, 2017, 2, 3, 15066.7),
(2602, 4, 2017, 2, 3, 33210.3),
(2603, 5, 2017, 2, 3, 51102.4),
(2604, 6, 2017, 2, 3, 27835.4),
(2605, 7, 2017, 2, 3, 82686.2),
(2606, 8, 2017, 2, 3, 79697.1),
(2607, 9, 2017, 2, 3, 104601),
(2608, 10, 2017, 2, 3, 87505.2),
(2609, 11, 2017, 2, 3, 41535.6),
(2610, 12, 2017, 2, 3, 12052.7),
(2611, 1, 2018, 2, 3, 1856.52),
(2612, 2, 2018, 2, 3, 2848.86),
(2613, 3, 2018, 2, 3, 2472),
(2614, 4, 2018, 2, 3, 28187),
(2615, 5, 2018, 2, 3, 37915.5),
(2616, 6, 2018, 2, 3, 54666.4),
(2617, 7, 2018, 2, 3, 83044.2),
(2618, 8, 2018, 2, 3, 110464),
(2619, 9, 2018, 2, 3, 73353.3),
(2620, 10, 2018, 2, 3, 28982.5),
(2621, 11, 2018, 2, 3, 19727.2),
(2622, 12, 2018, 2, 3, 5568.14),
(2623, 1, 2019, 2, 3, 1150.93),
(2624, 2, 2019, 2, 3, 3778.34),
(2625, 3, 2019, 2, 3, 16255),
(2626, 4, 2019, 2, 3, 19642.9),
(2627, 5, 2019, 2, 3, 41453.8),
(2628, 6, 2019, 2, 3, 43980.9),
(2629, 7, 2019, 2, 3, 74262.7),
(2630, 8, 2019, 2, 3, 34483),
(2631, 9, 2019, 2, 3, 22718),
(2632, 10, 2019, 2, 3, 19724.8),
(2633, 11, 2019, 2, 3, 12557.2),
(2634, 12, 2019, 2, 3, 3574.39),
(2635, 1, 2014, 3, 3, 346.56),
(2636, 2, 2014, 3, 3, 301.72),
(2637, 3, 2014, 3, 3, 3070.59),
(2638, 4, 2014, 3, 3, 20091.7),
(2639, 5, 2014, 3, 3, 32108.4),
(2640, 6, 2014, 3, 3, 7731.77),
(2641, 7, 2014, 3, 3, 13987.4),
(2642, 8, 2014, 3, 3, 4468.52),
(2643, 9, 2014, 3, 3, 3051.59),
(2644, 10, 2014, 3, 3, 6169.3),
(2645, 11, 2014, 3, 3, 2347.55),
(2646, 12, 2014, 3, 3, 1394.22),
(2647, 1, 2015, 3, 3, 148.96),
(2648, 2, 2015, 3, 3, 412.78),
(2649, 3, 2015, 3, 3, 3453.06),
(2650, 4, 2015, 3, 3, 6004),
(2651, 5, 2015, 3, 3, 10828.7),
(2652, 6, 2015, 3, 3, 60163.5),
(2653, 7, 2015, 3, 3, 36933),
(2654, 8, 2015, 3, 3, 18473),
(2655, 9, 2015, 3, 3, 10171.8),
(2656, 10, 2015, 3, 3, 6813.78),
(2657, 11, 2015, 3, 3, 5013.44),
(2658, 12, 2015, 3, 3, 66.41),
(2659, 1, 2016, 3, 3, 67.28),
(2660, 2, 2016, 3, 3, 662.71),
(2661, 3, 2016, 3, 3, 1239.23),
(2662, 4, 2016, 3, 3, 9204.23),
(2663, 5, 2016, 3, 3, 17516.7),
(2664, 6, 2016, 3, 3, 16637.4),
(2665, 7, 2016, 3, 3, 6146.05),
(2666, 8, 2016, 3, 3, 1614.98),
(2667, 9, 2016, 3, 3, 2422.25),
(2668, 10, 2016, 3, 3, 2400.53),
(2669, 11, 2016, 3, 3, 4412.22),
(2670, 12, 2016, 3, 3, 2512.39),
(2671, 1, 2017, 3, 3, 1169.79),
(2672, 2, 2017, 3, 3, 1865.59),
(2673, 3, 2017, 3, 3, 7929.86),
(2674, 4, 2017, 3, 3, 17479.1),
(2675, 5, 2017, 3, 3, 26896),
(2676, 6, 2017, 3, 3, 14650.2),
(2677, 7, 2017, 3, 3, 43519),
(2678, 8, 2017, 3, 3, 41945.9),
(2679, 9, 2017, 3, 3, 55053.1),
(2680, 10, 2017, 3, 3, 46055.4),
(2681, 11, 2017, 3, 3, 21860.8),
(2682, 12, 2017, 3, 3, 6343.52),
(2683, 1, 2018, 3, 3, 977.12),
(2684, 2, 2018, 3, 3, 1499.4),
(2685, 3, 2018, 3, 3, 1301.05),
(2686, 4, 2018, 3, 3, 14835.3),
(2687, 5, 2018, 3, 3, 19955.5),
(2688, 6, 2018, 3, 3, 28771.8),
(2689, 7, 2018, 3, 3, 43707.5),
(2690, 8, 2018, 3, 3, 58138.8),
(2691, 9, 2018, 3, 3, 38607),
(2692, 10, 2018, 3, 3, 15253.9),
(2693, 11, 2018, 3, 3, 10382.8),
(2694, 12, 2018, 3, 3, 2930.6),
(2695, 1, 2019, 3, 3, 605.75),
(2696, 2, 2019, 3, 3, 1988.6),
(2697, 3, 2019, 3, 3, 8555.25),
(2698, 4, 2019, 3, 3, 10338.3),
(2699, 5, 2019, 3, 3, 21817.8),
(2700, 6, 2019, 3, 3, 23147.8),
(2701, 7, 2019, 3, 3, 39085.6),
(2702, 8, 2019, 3, 3, 18148.9),
(2703, 9, 2019, 3, 3, 11956.8),
(2704, 10, 2019, 3, 3, 10381.5),
(2705, 11, 2019, 3, 3, 6609.05),
(2706, 12, 2019, 3, 3, 1881.26),
(2707, 1, 2014, 4, 3, 4241.89),
(2708, 2, 2014, 4, 3, 3693.05),
(2709, 3, 2014, 4, 3, 37584),
(2710, 4, 2014, 4, 3, 245922),
(2711, 5, 2014, 4, 3, 393007),
(2712, 6, 2014, 4, 3, 94636.8),
(2713, 7, 2014, 4, 3, 171206),
(2714, 8, 2014, 4, 3, 54694.6),
(2715, 9, 2014, 4, 3, 37351.5),
(2716, 10, 2014, 4, 3, 75512.2),
(2717, 11, 2014, 4, 3, 28733.9),
(2718, 12, 2014, 4, 3, 17065.2),
(2719, 1, 2015, 4, 3, 1823.27),
(2720, 2, 2015, 4, 3, 5052.37),
(2721, 3, 2015, 4, 3, 42265.4),
(2722, 4, 2015, 4, 3, 73489),
(2723, 5, 2015, 4, 3, 132543),
(2724, 6, 2015, 4, 3, 736401),
(2725, 7, 2015, 4, 3, 452059),
(2726, 8, 2015, 4, 3, 226110),
(2727, 9, 2015, 4, 3, 124503),
(2728, 10, 2015, 4, 3, 83400.7),
(2729, 11, 2015, 4, 3, 61364.4),
(2730, 12, 2015, 4, 3, 812.8),
(2731, 1, 2016, 4, 3, 823.45),
(2732, 2, 2016, 4, 3, 8111.55),
(2733, 3, 2016, 4, 3, 15168.2),
(2734, 4, 2016, 4, 3, 112660),
(2735, 5, 2016, 4, 3, 214405),
(2736, 6, 2016, 4, 3, 203642),
(2737, 7, 2016, 4, 3, 75227.7),
(2738, 8, 2016, 4, 3, 19767.3),
(2739, 9, 2016, 4, 3, 29648.3),
(2740, 10, 2016, 4, 3, 29382.5),
(2741, 11, 2016, 4, 3, 54005.6),
(2742, 12, 2016, 4, 3, 30751.6),
(2743, 1, 2017, 4, 3, 14318.2),
(2744, 2, 2017, 4, 3, 22834.8),
(2745, 3, 2017, 4, 3, 97061.5),
(2746, 4, 2017, 4, 3, 213944),
(2747, 5, 2017, 4, 3, 329207),
(2748, 6, 2017, 4, 3, 179319),
(2749, 7, 2017, 4, 3, 532673),
(2750, 8, 2017, 4, 3, 513417),
(2751, 9, 2017, 4, 3, 673850),
(2752, 10, 2017, 4, 3, 563718),
(2753, 11, 2017, 4, 3, 267576),
(2754, 12, 2017, 4, 3, 77644.7),
(2755, 1, 2018, 4, 3, 11959.9),
(2756, 2, 2018, 4, 3, 18352.7),
(2757, 3, 2018, 4, 3, 15924.9),
(2758, 4, 2018, 4, 3, 181584),
(2759, 5, 2018, 4, 3, 244256),
(2760, 6, 2018, 4, 3, 352167),
(2761, 7, 2018, 4, 3, 534979),
(2762, 8, 2018, 4, 3, 711618),
(2763, 9, 2018, 4, 3, 472550),
(2764, 10, 2018, 4, 3, 186708),
(2765, 11, 2018, 4, 3, 127085),
(2766, 12, 2018, 4, 3, 35870.5),
(2767, 1, 2019, 4, 3, 7414.38),
(2768, 2, 2019, 4, 3, 24340.5),
(2769, 3, 2019, 4, 3, 104716),
(2770, 4, 2019, 4, 3, 126541),
(2771, 5, 2019, 4, 3, 267050),
(2772, 6, 2019, 4, 3, 283330),
(2773, 7, 2019, 4, 3, 478408),
(2774, 8, 2019, 4, 3, 222143),
(2775, 9, 2019, 4, 3, 146352),
(2776, 10, 2019, 4, 3, 127070),
(2777, 11, 2019, 4, 3, 80894.8),
(2778, 12, 2019, 4, 3, 23026.6),
(2779, 1, 2014, 5, 3, 866.4),
(2780, 2, 2014, 5, 3, 754.3),
(2781, 3, 2014, 5, 3, 7676.48),
(2782, 4, 2014, 5, 3, 50229.1),
(2783, 5, 2014, 5, 3, 80271),
(2784, 6, 2014, 5, 3, 19329.4),
(2785, 7, 2014, 5, 3, 34968.6),
(2786, 8, 2014, 5, 3, 11171.3),
(2787, 9, 2014, 5, 3, 7628.98),
(2788, 10, 2014, 5, 3, 15423.2),
(2789, 11, 2014, 5, 3, 5868.86),
(2790, 12, 2014, 5, 3, 3485.55),
(2791, 1, 2015, 5, 3, 372.4),
(2792, 2, 2015, 5, 3, 1031.94),
(2793, 3, 2015, 5, 3, 8632.65),
(2794, 4, 2015, 5, 3, 15010),
(2795, 5, 2015, 5, 3, 27071.7),
(2796, 6, 2015, 5, 3, 150409),
(2797, 7, 2015, 5, 3, 92332.4),
(2798, 8, 2015, 5, 3, 46182.6),
(2799, 9, 2015, 5, 3, 25429.6),
(2800, 10, 2015, 5, 3, 17034.4),
(2801, 11, 2015, 5, 3, 12533.6),
(2802, 12, 2015, 5, 3, 166.01),
(2803, 1, 2016, 5, 3, 168.19),
(2804, 2, 2016, 5, 3, 1656.77),
(2805, 3, 2016, 5, 3, 3098.07),
(2806, 4, 2016, 5, 3, 23010.6),
(2807, 5, 2016, 5, 3, 43791.8),
(2808, 6, 2016, 5, 3, 41593.5),
(2809, 7, 2016, 5, 3, 15365.1),
(2810, 8, 2016, 5, 3, 4037.45),
(2811, 9, 2016, 5, 3, 6055.61),
(2812, 10, 2016, 5, 3, 6001.32),
(2813, 11, 2016, 5, 3, 11030.6),
(2814, 12, 2016, 5, 3, 6280.97),
(2815, 1, 2017, 5, 3, 2924.47),
(2816, 2, 2017, 5, 3, 4663.98),
(2817, 3, 2017, 5, 3, 19824.7),
(2818, 4, 2017, 5, 3, 43697.8),
(2819, 5, 2017, 5, 3, 67240),
(2820, 6, 2017, 5, 3, 36625.6),
(2821, 7, 2017, 5, 3, 108798),
(2822, 8, 2017, 5, 3, 104865),
(2823, 9, 2017, 5, 3, 137633),
(2824, 10, 2017, 5, 3, 115138),
(2825, 11, 2017, 5, 3, 54652.1),
(2826, 12, 2017, 5, 3, 15858.8),
(2827, 1, 2018, 5, 3, 2442.79),
(2828, 2, 2018, 5, 3, 3748.51),
(2829, 3, 2018, 5, 3, 3252.63),
(2830, 4, 2018, 5, 3, 37088.1),
(2831, 5, 2018, 5, 3, 49888.9),
(2832, 6, 2018, 5, 3, 71929.5),
(2833, 7, 2018, 5, 3, 109269),
(2834, 8, 2018, 5, 3, 145347),
(2835, 9, 2018, 5, 3, 96517.5),
(2836, 10, 2018, 5, 3, 38134.8),
(2837, 11, 2018, 5, 3, 25956.9),
(2838, 12, 2018, 5, 3, 7326.5),
(2839, 1, 2019, 5, 3, 1514.38),
(2840, 2, 2019, 5, 3, 4971.5),
(2841, 3, 2019, 5, 3, 21388.1),
(2842, 4, 2019, 5, 3, 25845.9),
(2843, 5, 2019, 5, 3, 54544.5),
(2844, 6, 2019, 5, 3, 57869.6),
(2845, 7, 2019, 5, 3, 97714.1),
(2846, 8, 2019, 5, 3, 45372.4),
(2847, 9, 2019, 5, 3, 29892.1),
(2848, 10, 2019, 5, 3, 25953.8),
(2849, 11, 2019, 5, 3, 16522.6),
(2850, 12, 2019, 5, 3, 4703.15),
(2851, 1, 2014, 6, 3, 693.12),
(2852, 2, 2014, 6, 3, 603.44),
(2853, 3, 2014, 6, 3, 6141.18),
(2854, 4, 2014, 6, 3, 40183.3),
(2855, 5, 2014, 6, 3, 64216.8),
(2856, 6, 2014, 6, 3, 15463.5),
(2857, 7, 2014, 6, 3, 27974.8),
(2858, 8, 2014, 6, 3, 8937.03),
(2859, 9, 2014, 6, 3, 6103.18),
(2860, 10, 2014, 6, 3, 12338.6),
(2861, 11, 2014, 6, 3, 4695.09),
(2862, 12, 2014, 6, 3, 2788.44),
(2863, 1, 2015, 6, 3, 297.92),
(2864, 2, 2015, 6, 3, 825.55),
(2865, 3, 2015, 6, 3, 6906.12),
(2866, 4, 2015, 6, 3, 12008),
(2867, 5, 2015, 6, 3, 21657.3),
(2868, 6, 2015, 6, 3, 120327),
(2869, 7, 2015, 6, 3, 73865.9),
(2870, 8, 2015, 6, 3, 36946.1),
(2871, 9, 2015, 6, 3, 20343.7),
(2872, 10, 2015, 6, 3, 13627.6),
(2873, 11, 2015, 6, 3, 10026.9),
(2874, 12, 2015, 6, 3, 132.81),
(2875, 1, 2016, 6, 3, 134.55),
(2876, 2, 2016, 6, 3, 1325.42),
(2877, 3, 2016, 6, 3, 2478.46),
(2878, 4, 2016, 6, 3, 18408.5),
(2879, 5, 2016, 6, 3, 35033.5),
(2880, 6, 2016, 6, 3, 33274.8),
(2881, 7, 2016, 6, 3, 12292.1),
(2882, 8, 2016, 6, 3, 3229.96),
(2883, 9, 2016, 6, 3, 4844.49),
(2884, 10, 2016, 6, 3, 4801.06),
(2885, 11, 2016, 6, 3, 8824.45),
(2886, 12, 2016, 6, 3, 5024.78),
(2887, 1, 2017, 6, 3, 2339.57),
(2888, 2, 2017, 6, 3, 3731.18),
(2889, 3, 2017, 6, 3, 15859.7),
(2890, 4, 2017, 6, 3, 34958.2),
(2891, 5, 2017, 6, 3, 53792),
(2892, 6, 2017, 6, 3, 29300.5),
(2893, 7, 2017, 6, 3, 87038.1),
(2894, 8, 2017, 6, 3, 83891.7),
(2895, 9, 2017, 6, 3, 110106),
(2896, 10, 2017, 6, 3, 92110.8),
(2897, 11, 2017, 6, 3, 43721.6),
(2898, 12, 2017, 6, 3, 12687),
(2899, 1, 2018, 6, 3, 1954.23),
(2900, 2, 2018, 6, 3, 2998.8),
(2901, 3, 2018, 6, 3, 2602.1),
(2902, 4, 2018, 6, 3, 29670.5),
(2903, 5, 2018, 6, 3, 39911.1),
(2904, 6, 2018, 6, 3, 57543.6),
(2905, 7, 2018, 6, 3, 87414.9),
(2906, 8, 2018, 6, 3, 116278),
(2907, 9, 2018, 6, 3, 77214),
(2908, 10, 2018, 6, 3, 30507.9),
(2909, 11, 2018, 6, 3, 20765.5),
(2910, 12, 2018, 6, 3, 5861.2),
(2911, 1, 2019, 6, 3, 1211.5),
(2912, 2, 2019, 6, 3, 3977.2),
(2913, 3, 2019, 6, 3, 17110.5),
(2914, 4, 2019, 6, 3, 20676.7),
(2915, 5, 2019, 6, 3, 43635.6),
(2916, 6, 2019, 6, 3, 46295.7),
(2917, 7, 2019, 6, 3, 78171.3),
(2918, 8, 2019, 6, 3, 36297.9),
(2919, 9, 2019, 6, 3, 23913.7),
(2920, 10, 2019, 6, 3, 20763),
(2921, 11, 2019, 6, 3, 13218.1),
(2922, 12, 2019, 6, 3, 3762.52),
(2923, 1, 2014, 1, 4, 124.76),
(2924, 2, 2014, 1, 4, 108.62),
(2925, 3, 2014, 1, 4, 1105.41),
(2926, 4, 2014, 1, 4, 7232.99),
(2927, 5, 2014, 1, 4, 11559),
(2928, 6, 2014, 1, 4, 2783.44),
(2929, 7, 2014, 1, 4, 5035.47),
(2930, 8, 2014, 1, 4, 1608.67),
(2931, 9, 2014, 1, 4, 1098.57),
(2932, 10, 2014, 1, 4, 2220.95),
(2933, 11, 2014, 1, 4, 845.12),
(2934, 12, 2014, 1, 4, 501.92),
(2935, 1, 2015, 1, 4, 53.63),
(2936, 2, 2015, 1, 4, 148.6),
(2937, 3, 2015, 1, 4, 1243.1),
(2938, 4, 2015, 1, 4, 2161.44),
(2939, 5, 2015, 1, 4, 3898.32),
(2940, 6, 2015, 1, 4, 21658.9),
(2941, 7, 2015, 1, 4, 13295.9),
(2942, 8, 2015, 1, 4, 6650.29),
(2943, 9, 2015, 1, 4, 3661.86),
(2944, 10, 2015, 1, 4, 2452.96),
(2945, 11, 2015, 1, 4, 1804.84),
(2946, 12, 2015, 1, 4, 23.91),
(2947, 1, 2016, 1, 4, 24.22),
(2948, 2, 2016, 1, 4, 238.57),
(2949, 3, 2016, 1, 4, 446.12),
(2950, 4, 2016, 1, 4, 3313.52),
(2951, 5, 2016, 1, 4, 6306.02),
(2952, 6, 2016, 1, 4, 5989.46),
(2953, 7, 2016, 1, 4, 2212.58),
(2954, 8, 2016, 1, 4, 581.39),
(2955, 9, 2016, 1, 4, 872.01),
(2956, 10, 2016, 1, 4, 864.19),
(2957, 11, 2016, 1, 4, 1588.4),
(2958, 12, 2016, 1, 4, 904.46),
(2959, 1, 2017, 1, 4, 421.12),
(2960, 2, 2017, 1, 4, 671.61),
(2961, 3, 2017, 1, 4, 2854.75),
(2962, 4, 2017, 1, 4, 6292.48),
(2963, 5, 2017, 1, 4, 9682.56),
(2964, 6, 2017, 1, 4, 5274.09),
(2965, 7, 2017, 1, 4, 15666.9),
(2966, 8, 2017, 1, 4, 15100.5),
(2967, 9, 2017, 1, 4, 19819.1),
(2968, 10, 2017, 1, 4, 16579.9),
(2969, 11, 2017, 1, 4, 7869.9),
(2970, 12, 2017, 1, 4, 2283.67),
(2971, 1, 2018, 1, 4, 351.76),
(2972, 2, 2018, 1, 4, 539.78),
(2973, 3, 2018, 1, 4, 468.38),
(2974, 4, 2018, 1, 4, 5340.69),
(2975, 5, 2018, 1, 4, 7184),
(2976, 6, 2018, 1, 4, 10357.8),
(2977, 7, 2018, 1, 4, 15734.7),
(2978, 8, 2018, 1, 4, 20929.9),
(2979, 9, 2018, 1, 4, 13898.5),
(2980, 10, 2018, 1, 4, 5491.42),
(2981, 11, 2018, 1, 4, 3737.79),
(2982, 12, 2018, 1, 4, 1055.02),
(2983, 1, 2019, 1, 4, 218.07),
(2984, 2, 2019, 1, 4, 715.9),
(2985, 3, 2019, 1, 4, 3079.89),
(2986, 4, 2019, 1, 4, 3721.81),
(2987, 5, 2019, 1, 4, 7854.41),
(2988, 6, 2019, 1, 4, 8333.23),
(2989, 7, 2019, 1, 4, 14070.8),
(2990, 8, 2019, 1, 4, 6533.62),
(2991, 9, 2019, 1, 4, 4304.47),
(2992, 10, 2019, 1, 4, 3737.34),
(2993, 11, 2019, 1, 4, 2379.26),
(2994, 12, 2019, 1, 4, 677.25),
(2995, 1, 2014, 2, 4, 658.46),
(2996, 2, 2014, 2, 4, 573.27),
(2997, 3, 2014, 2, 4, 5834.12),
(2998, 4, 2014, 2, 4, 38174.1),
(2999, 5, 2014, 2, 4, 61005.9),
(3000, 6, 2014, 2, 4, 14690.3),
(3001, 7, 2014, 2, 4, 26576.1),
(3002, 8, 2014, 2, 4, 8490.18),
(3003, 9, 2014, 2, 4, 5798.02),
(3004, 10, 2014, 2, 4, 11721.7),
(3005, 11, 2014, 2, 4, 4460.34),
(3006, 12, 2014, 2, 4, 2649.02),
(3007, 1, 2015, 2, 4, 283.02),
(3008, 2, 2015, 2, 4, 784.27),
(3009, 3, 2015, 2, 4, 6560.81),
(3010, 4, 2015, 2, 4, 11407.6),
(3011, 5, 2015, 2, 4, 20574.5),
(3012, 6, 2015, 2, 4, 114311),
(3013, 7, 2015, 2, 4, 70172.6),
(3014, 8, 2015, 2, 4, 35098.8),
(3015, 9, 2015, 2, 4, 19326.5),
(3016, 10, 2015, 2, 4, 12946.2),
(3017, 11, 2015, 2, 4, 9525.53),
(3018, 12, 2015, 2, 4, 126.17),
(3019, 1, 2016, 2, 4, 127.82),
(3020, 2, 2016, 2, 4, 1259.15),
(3021, 3, 2016, 2, 4, 2354.53),
(3022, 4, 2016, 2, 4, 17488),
(3023, 5, 2016, 2, 4, 33281.8),
(3024, 6, 2016, 2, 4, 31611),
(3025, 7, 2016, 2, 4, 11677.5),
(3026, 8, 2016, 2, 4, 3068.46),
(3027, 9, 2016, 2, 4, 4602.27),
(3028, 10, 2016, 2, 4, 4561),
(3029, 11, 2016, 2, 4, 8383.22),
(3030, 12, 2016, 2, 4, 4773.54),
(3031, 1, 2017, 2, 4, 2222.59),
(3032, 2, 2017, 2, 4, 3544.62),
(3033, 3, 2017, 2, 4, 15066.7),
(3034, 4, 2017, 2, 4, 33210.3),
(3035, 5, 2017, 2, 4, 51102.4),
(3036, 6, 2017, 2, 4, 27835.4),
(3037, 7, 2017, 2, 4, 82686.2),
(3038, 8, 2017, 2, 4, 79697.1),
(3039, 9, 2017, 2, 4, 104601),
(3040, 10, 2017, 2, 4, 87505.2),
(3041, 11, 2017, 2, 4, 41535.6),
(3042, 12, 2017, 2, 4, 12052.7),
(3043, 1, 2018, 2, 4, 1856.52),
(3044, 2, 2018, 2, 4, 2848.86),
(3045, 3, 2018, 2, 4, 2472),
(3046, 4, 2018, 2, 4, 28187),
(3047, 5, 2018, 2, 4, 37915.5),
(3048, 6, 2018, 2, 4, 54666.4),
(3049, 7, 2018, 2, 4, 83044.2),
(3050, 8, 2018, 2, 4, 110464),
(3051, 9, 2018, 2, 4, 73353.3),
(3052, 10, 2018, 2, 4, 28982.5),
(3053, 11, 2018, 2, 4, 19727.2),
(3054, 12, 2018, 2, 4, 5568.14),
(3055, 1, 2019, 2, 4, 1150.93),
(3056, 2, 2019, 2, 4, 3778.34),
(3057, 3, 2019, 2, 4, 16255),
(3058, 4, 2019, 2, 4, 19642.9),
(3059, 5, 2019, 2, 4, 41453.8),
(3060, 6, 2019, 2, 4, 43980.9),
(3061, 7, 2019, 2, 4, 74262.7),
(3062, 8, 2019, 2, 4, 34483),
(3063, 9, 2019, 2, 4, 22718),
(3064, 10, 2019, 2, 4, 19724.8),
(3065, 11, 2019, 2, 4, 12557.2),
(3066, 12, 2019, 2, 4, 3574.39),
(3067, 1, 2014, 3, 4, 346.56),
(3068, 2, 2014, 3, 4, 301.72),
(3069, 3, 2014, 3, 4, 3070.59),
(3070, 4, 2014, 3, 4, 20091.7),
(3071, 5, 2014, 3, 4, 32108.4),
(3072, 6, 2014, 3, 4, 7731.77),
(3073, 7, 2014, 3, 4, 13987.4),
(3074, 8, 2014, 3, 4, 4468.52),
(3075, 9, 2014, 3, 4, 3051.59),
(3076, 10, 2014, 3, 4, 6169.3),
(3077, 11, 2014, 3, 4, 2347.55),
(3078, 12, 2014, 3, 4, 1394.22),
(3079, 1, 2015, 3, 4, 148.96),
(3080, 2, 2015, 3, 4, 412.78),
(3081, 3, 2015, 3, 4, 3453.06),
(3082, 4, 2015, 3, 4, 6004),
(3083, 5, 2015, 3, 4, 10828.7),
(3084, 6, 2015, 3, 4, 60163.5),
(3085, 7, 2015, 3, 4, 36933),
(3086, 8, 2015, 3, 4, 18473),
(3087, 9, 2015, 3, 4, 10171.8),
(3088, 10, 2015, 3, 4, 6813.78),
(3089, 11, 2015, 3, 4, 5013.44),
(3090, 12, 2015, 3, 4, 66.41),
(3091, 1, 2016, 3, 4, 67.28),
(3092, 2, 2016, 3, 4, 662.71),
(3093, 3, 2016, 3, 4, 1239.23),
(3094, 4, 2016, 3, 4, 9204.23),
(3095, 5, 2016, 3, 4, 17516.7),
(3096, 6, 2016, 3, 4, 16637.4),
(3097, 7, 2016, 3, 4, 6146.05),
(3098, 8, 2016, 3, 4, 1614.98),
(3099, 9, 2016, 3, 4, 2422.25),
(3100, 10, 2016, 3, 4, 2400.53),
(3101, 11, 2016, 3, 4, 4412.22),
(3102, 12, 2016, 3, 4, 2512.39),
(3103, 1, 2017, 3, 4, 1169.79),
(3104, 2, 2017, 3, 4, 1865.59),
(3105, 3, 2017, 3, 4, 7929.86),
(3106, 4, 2017, 3, 4, 17479.1),
(3107, 5, 2017, 3, 4, 26896),
(3108, 6, 2017, 3, 4, 14650.2),
(3109, 7, 2017, 3, 4, 43519),
(3110, 8, 2017, 3, 4, 41945.9),
(3111, 9, 2017, 3, 4, 55053.1),
(3112, 10, 2017, 3, 4, 46055.4),
(3113, 11, 2017, 3, 4, 21860.8),
(3114, 12, 2017, 3, 4, 6343.52),
(3115, 1, 2018, 3, 4, 977.12),
(3116, 2, 2018, 3, 4, 1499.4),
(3117, 3, 2018, 3, 4, 1301.05),
(3118, 4, 2018, 3, 4, 14835.3),
(3119, 5, 2018, 3, 4, 19955.5),
(3120, 6, 2018, 3, 4, 28771.8),
(3121, 7, 2018, 3, 4, 43707.5),
(3122, 8, 2018, 3, 4, 58138.8),
(3123, 9, 2018, 3, 4, 38607),
(3124, 10, 2018, 3, 4, 15253.9),
(3125, 11, 2018, 3, 4, 10382.8),
(3126, 12, 2018, 3, 4, 2930.6),
(3127, 1, 2019, 3, 4, 605.75),
(3128, 2, 2019, 3, 4, 1988.6),
(3129, 3, 2019, 3, 4, 8555.25),
(3130, 4, 2019, 3, 4, 10338.3),
(3131, 5, 2019, 3, 4, 21817.8),
(3132, 6, 2019, 3, 4, 23147.8),
(3133, 7, 2019, 3, 4, 39085.6),
(3134, 8, 2019, 3, 4, 18148.9),
(3135, 9, 2019, 3, 4, 11956.8),
(3136, 10, 2019, 3, 4, 10381.5),
(3137, 11, 2019, 3, 4, 6609.05),
(3138, 12, 2019, 3, 4, 1881.26),
(3139, 1, 2014, 4, 4, 4241.89),
(3140, 2, 2014, 4, 4, 3693.05),
(3141, 3, 2014, 4, 4, 37584),
(3142, 4, 2014, 4, 4, 245922),
(3143, 5, 2014, 4, 4, 393007),
(3144, 6, 2014, 4, 4, 94636.8),
(3145, 7, 2014, 4, 4, 171206),
(3146, 8, 2014, 4, 4, 54694.6),
(3147, 9, 2014, 4, 4, 37351.5),
(3148, 10, 2014, 4, 4, 75512.2),
(3149, 11, 2014, 4, 4, 28733.9),
(3150, 12, 2014, 4, 4, 17065.2),
(3151, 1, 2015, 4, 4, 1823.27),
(3152, 2, 2015, 4, 4, 5052.37),
(3153, 3, 2015, 4, 4, 42265.4),
(3154, 4, 2015, 4, 4, 73489),
(3155, 5, 2015, 4, 4, 132543),
(3156, 6, 2015, 4, 4, 736401),
(3157, 7, 2015, 4, 4, 452059),
(3158, 8, 2015, 4, 4, 226110),
(3159, 9, 2015, 4, 4, 124503),
(3160, 10, 2015, 4, 4, 83400.7),
(3161, 11, 2015, 4, 4, 61364.4),
(3162, 12, 2015, 4, 4, 812.8),
(3163, 1, 2016, 4, 4, 823.45),
(3164, 2, 2016, 4, 4, 8111.55),
(3165, 3, 2016, 4, 4, 15168.2),
(3166, 4, 2016, 4, 4, 112660),
(3167, 5, 2016, 4, 4, 214405),
(3168, 6, 2016, 4, 4, 203642),
(3169, 7, 2016, 4, 4, 75227.7),
(3170, 8, 2016, 4, 4, 19767.3),
(3171, 9, 2016, 4, 4, 29648.3),
(3172, 10, 2016, 4, 4, 29382.5),
(3173, 11, 2016, 4, 4, 54005.6),
(3174, 12, 2016, 4, 4, 30751.6),
(3175, 1, 2017, 4, 4, 14318.2),
(3176, 2, 2017, 4, 4, 22834.8),
(3177, 3, 2017, 4, 4, 97061.5),
(3178, 4, 2017, 4, 4, 213944),
(3179, 5, 2017, 4, 4, 329207),
(3180, 6, 2017, 4, 4, 179319),
(3181, 7, 2017, 4, 4, 532673),
(3182, 8, 2017, 4, 4, 513417),
(3183, 9, 2017, 4, 4, 673850),
(3184, 10, 2017, 4, 4, 563718),
(3185, 11, 2017, 4, 4, 267576),
(3186, 12, 2017, 4, 4, 77644.7),
(3187, 1, 2018, 4, 4, 11959.9),
(3188, 2, 2018, 4, 4, 18352.7),
(3189, 3, 2018, 4, 4, 15924.9),
(3190, 4, 2018, 4, 4, 181584),
(3191, 5, 2018, 4, 4, 244256),
(3192, 6, 2018, 4, 4, 352167),
(3193, 7, 2018, 4, 4, 534979),
(3194, 8, 2018, 4, 4, 711618),
(3195, 9, 2018, 4, 4, 472550),
(3196, 10, 2018, 4, 4, 186708),
(3197, 11, 2018, 4, 4, 127085),
(3198, 12, 2018, 4, 4, 35870.5),
(3199, 1, 2019, 4, 4, 7414.38),
(3200, 2, 2019, 4, 4, 24340.5),
(3201, 3, 2019, 4, 4, 104716),
(3202, 4, 2019, 4, 4, 126541),
(3203, 5, 2019, 4, 4, 267050),
(3204, 6, 2019, 4, 4, 283330),
(3205, 7, 2019, 4, 4, 478408),
(3206, 8, 2019, 4, 4, 222143),
(3207, 9, 2019, 4, 4, 146352),
(3208, 10, 2019, 4, 4, 127070),
(3209, 11, 2019, 4, 4, 80894.8),
(3210, 12, 2019, 4, 4, 23026.6),
(3211, 1, 2014, 5, 4, 866.4),
(3212, 2, 2014, 5, 4, 754.3),
(3213, 3, 2014, 5, 4, 7676.48),
(3214, 4, 2014, 5, 4, 50229.1),
(3215, 5, 2014, 5, 4, 80271),
(3216, 6, 2014, 5, 4, 19329.4),
(3217, 7, 2014, 5, 4, 34968.6),
(3218, 8, 2014, 5, 4, 11171.3),
(3219, 9, 2014, 5, 4, 7628.98),
(3220, 10, 2014, 5, 4, 15423.2),
(3221, 11, 2014, 5, 4, 5868.86),
(3222, 12, 2014, 5, 4, 3485.55),
(3223, 1, 2015, 5, 4, 372.4),
(3224, 2, 2015, 5, 4, 1031.94),
(3225, 3, 2015, 5, 4, 8632.65),
(3226, 4, 2015, 5, 4, 15010),
(3227, 5, 2015, 5, 4, 27071.7),
(3228, 6, 2015, 5, 4, 150409),
(3229, 7, 2015, 5, 4, 92332.4),
(3230, 8, 2015, 5, 4, 46182.6),
(3231, 9, 2015, 5, 4, 25429.6),
(3232, 10, 2015, 5, 4, 17034.4),
(3233, 11, 2015, 5, 4, 12533.6),
(3234, 12, 2015, 5, 4, 166.01),
(3235, 1, 2016, 5, 4, 168.19),
(3236, 2, 2016, 5, 4, 1656.77),
(3237, 3, 2016, 5, 4, 3098.07),
(3238, 4, 2016, 5, 4, 23010.6),
(3239, 5, 2016, 5, 4, 43791.8),
(3240, 6, 2016, 5, 4, 41593.5),
(3241, 7, 2016, 5, 4, 15365.1),
(3242, 8, 2016, 5, 4, 4037.45),
(3243, 9, 2016, 5, 4, 6055.61),
(3244, 10, 2016, 5, 4, 6001.32),
(3245, 11, 2016, 5, 4, 11030.6),
(3246, 12, 2016, 5, 4, 6280.97),
(3247, 1, 2017, 5, 4, 2924.47),
(3248, 2, 2017, 5, 4, 4663.98),
(3249, 3, 2017, 5, 4, 19824.7),
(3250, 4, 2017, 5, 4, 43697.8),
(3251, 5, 2017, 5, 4, 67240),
(3252, 6, 2017, 5, 4, 36625.6),
(3253, 7, 2017, 5, 4, 108798),
(3254, 8, 2017, 5, 4, 104865),
(3255, 9, 2017, 5, 4, 137633),
(3256, 10, 2017, 5, 4, 115138),
(3257, 11, 2017, 5, 4, 54652.1),
(3258, 12, 2017, 5, 4, 15858.8),
(3259, 1, 2018, 5, 4, 2442.79),
(3260, 2, 2018, 5, 4, 3748.51),
(3261, 3, 2018, 5, 4, 3252.63),
(3262, 4, 2018, 5, 4, 37088.1),
(3263, 5, 2018, 5, 4, 49888.9),
(3264, 6, 2018, 5, 4, 71929.5),
(3265, 7, 2018, 5, 4, 109269),
(3266, 8, 2018, 5, 4, 145347),
(3267, 9, 2018, 5, 4, 96517.5),
(3268, 10, 2018, 5, 4, 38134.8),
(3269, 11, 2018, 5, 4, 25956.9),
(3270, 12, 2018, 5, 4, 7326.5),
(3271, 1, 2019, 5, 4, 1514.38),
(3272, 2, 2019, 5, 4, 4971.5),
(3273, 3, 2019, 5, 4, 21388.1),
(3274, 4, 2019, 5, 4, 25845.9),
(3275, 5, 2019, 5, 4, 54544.5),
(3276, 6, 2019, 5, 4, 57869.6),
(3277, 7, 2019, 5, 4, 97714.1),
(3278, 8, 2019, 5, 4, 45372.4),
(3279, 9, 2019, 5, 4, 29892.1),
(3280, 10, 2019, 5, 4, 25953.8),
(3281, 11, 2019, 5, 4, 16522.6),
(3282, 12, 2019, 5, 4, 4703.15),
(3283, 1, 2014, 6, 4, 693.12),
(3284, 2, 2014, 6, 4, 603.44),
(3285, 3, 2014, 6, 4, 6141.18),
(3286, 4, 2014, 6, 4, 40183.3),
(3287, 5, 2014, 6, 4, 64216.8),
(3288, 6, 2014, 6, 4, 15463.5),
(3289, 7, 2014, 6, 4, 27974.8),
(3290, 8, 2014, 6, 4, 8937.03),
(3291, 9, 2014, 6, 4, 6103.18),
(3292, 10, 2014, 6, 4, 12338.6),
(3293, 11, 2014, 6, 4, 4695.09),
(3294, 12, 2014, 6, 4, 2788.44),
(3295, 1, 2015, 6, 4, 297.92),
(3296, 2, 2015, 6, 4, 825.55),
(3297, 3, 2015, 6, 4, 6906.12),
(3298, 4, 2015, 6, 4, 12008),
(3299, 5, 2015, 6, 4, 21657.3),
(3300, 6, 2015, 6, 4, 120327),
(3301, 7, 2015, 6, 4, 73865.9),
(3302, 8, 2015, 6, 4, 36946.1),
(3303, 9, 2015, 6, 4, 20343.7),
(3304, 10, 2015, 6, 4, 13627.6),
(3305, 11, 2015, 6, 4, 10026.9),
(3306, 12, 2015, 6, 4, 132.81),
(3307, 1, 2016, 6, 4, 134.55),
(3308, 2, 2016, 6, 4, 1325.42),
(3309, 3, 2016, 6, 4, 2478.46),
(3310, 4, 2016, 6, 4, 18408.5),
(3311, 5, 2016, 6, 4, 35033.5),
(3312, 6, 2016, 6, 4, 33274.8),
(3313, 7, 2016, 6, 4, 12292.1),
(3314, 8, 2016, 6, 4, 3229.96),
(3315, 9, 2016, 6, 4, 4844.49),
(3316, 10, 2016, 6, 4, 4801.06),
(3317, 11, 2016, 6, 4, 8824.45),
(3318, 12, 2016, 6, 4, 5024.78),
(3319, 1, 2017, 6, 4, 2339.57),
(3320, 2, 2017, 6, 4, 3731.18),
(3321, 3, 2017, 6, 4, 15859.7),
(3322, 4, 2017, 6, 4, 34958.2),
(3323, 5, 2017, 6, 4, 53792),
(3324, 6, 2017, 6, 4, 29300.5),
(3325, 7, 2017, 6, 4, 87038.1),
(3326, 8, 2017, 6, 4, 83891.7),
(3327, 9, 2017, 6, 4, 110106),
(3328, 10, 2017, 6, 4, 92110.8),
(3329, 11, 2017, 6, 4, 43721.6),
(3330, 12, 2017, 6, 4, 12687),
(3331, 1, 2018, 6, 4, 1954.23),
(3332, 2, 2018, 6, 4, 2998.8),
(3333, 3, 2018, 6, 4, 2602.1),
(3334, 4, 2018, 6, 4, 29670.5),
(3335, 5, 2018, 6, 4, 39911.1),
(3336, 6, 2018, 6, 4, 57543.6),
(3337, 7, 2018, 6, 4, 87414.9),
(3338, 8, 2018, 6, 4, 116278),
(3339, 9, 2018, 6, 4, 77214),
(3340, 10, 2018, 6, 4, 30507.9),
(3341, 11, 2018, 6, 4, 20765.5),
(3342, 12, 2018, 6, 4, 5861.2),
(3343, 1, 2019, 6, 4, 1211.5),
(3344, 2, 2019, 6, 4, 3977.2),
(3345, 3, 2019, 6, 4, 17110.5),
(3346, 4, 2019, 6, 4, 20676.7),
(3347, 5, 2019, 6, 4, 43635.6),
(3348, 6, 2019, 6, 4, 46295.7),
(3349, 7, 2019, 6, 4, 78171.3),
(3350, 8, 2019, 6, 4, 36297.9),
(3351, 9, 2019, 6, 4, 23913.7),
(3352, 10, 2019, 6, 4, 20763),
(3353, 11, 2019, 6, 4, 13218.1),
(3354, 12, 2019, 6, 4, 3762.52),
(5155, 6, 2020, 1, 1, 463),
(5156, 6, 2020, 1, 3, 463),
(5157, 6, 2020, 1, 1, 20),
(5158, 6, 2020, 1, 1, 20);

-- --------------------------------------------------------

--
-- Struktur dari tabel `datatangkapanikanperalat`
--

CREATE TABLE `datatangkapanikanperalat` (
  `Bulan` int(11) DEFAULT NULL,
  `Tahun` int(11) DEFAULT NULL,
  `IDAlatTangkap` int(11) DEFAULT NULL,
  `IDIkan` int(11) DEFAULT NULL,
  `JumlahTangkapan` float DEFAULT NULL
) ENGINE=InnoDB DEFAULT CHARSET=utf8mb4;

--
-- Dumping data untuk tabel `datatangkapanikanperalat`
--

INSERT INTO `datatangkapanikanperalat` (`Bulan`, `Tahun`, `IDAlatTangkap`, `IDIkan`, `JumlahTangkapan`) VALUES
(1, 2014, 3, 1, 176.7),
(2, 2014, 3, 1, 53.2),
(3, 2014, 3, 1, 23280.7),
(4, 2014, 3, 1, 96499.1),
(5, 2014, 3, 1, 272922),
(6, 2014, 3, 1, 434756),
(7, 2014, 3, 1, 220822),
(8, 2014, 3, 1, 281827),
(9, 2014, 3, 1, 166757),
(10, 2014, 3, 1, 70151.8),
(11, 2014, 3, 1, 3515),
(12, 2014, 3, 1, 17128.5),
(1, 2015, 3, 1, 68),
(2, 2015, 3, 1, 340),
(3, 2015, 3, 1, 790.4),
(4, 2015, 3, 1, 125940),
(5, 2015, 3, 1, 506384),
(6, 2015, 3, 1, 537210),
(7, 2015, 3, 1, 171078),
(8, 2015, 3, 1, 161426),
(9, 2015, 3, 1, 38368.6),
(10, 2015, 3, 1, 12004.2),
(11, 2015, 3, 1, 1003.2),
(12, 2015, 3, 1, 262.2),
(1, 2016, 3, 1, 126),
(2, 2016, 3, 1, 846.8),
(3, 2016, 3, 1, 446.75),
(4, 2016, 3, 1, 21315.8),
(5, 2016, 3, 1, 178423),
(6, 2016, 3, 1, 533470),
(7, 2016, 3, 1, 403536),
(8, 2016, 3, 1, 225659),
(9, 2016, 3, 1, 87116.8),
(10, 2016, 3, 1, 73998.8),
(11, 2016, 3, 1, 1003.2),
(12, 2016, 3, 1, 262.2),
(1, 2017, 3, 1, 299.09),
(2, 2017, 3, 1, 7679.43),
(3, 2017, 3, 1, 3378.35),
(4, 2017, 3, 1, 2092.76),
(5, 2017, 3, 1, 94288.2),
(6, 2017, 3, 1, 149574),
(7, 2017, 3, 1, 123097),
(8, 2017, 3, 1, 123890),
(9, 2017, 3, 1, 84194.2),
(10, 2017, 3, 1, 9541),
(11, 2017, 3, 1, 7009.42),
(12, 2017, 3, 1, 753.25),
(1, 2018, 3, 1, 112.68),
(2, 2018, 3, 1, 154),
(3, 2018, 3, 1, 426.4),
(4, 2018, 3, 1, 3922.05),
(5, 2018, 3, 1, 50832.5),
(6, 2018, 3, 1, 45564.4),
(7, 2018, 3, 1, 54926.1),
(8, 2018, 3, 1, 177644),
(9, 2018, 3, 1, 104387),
(10, 2018, 3, 1, 61622),
(11, 2018, 3, 1, 36076),
(12, 2018, 3, 1, 7775),
(1, 2019, 3, 1, 329),
(2, 2019, 3, 1, 911),
(3, 2019, 3, 1, 1300),
(4, 2019, 3, 1, 7821),
(5, 2019, 3, 1, 47198),
(6, 2019, 3, 1, 47832),
(7, 2019, 3, 1, 54123),
(8, 2019, 3, 1, 131688),
(9, 2019, 3, 1, 66589),
(10, 2019, 3, 1, 37755),
(11, 2019, 3, 1, 20027),
(12, 2019, 3, 1, 4484.89),
(1, 2014, 1, 4, 13914.5),
(2, 2014, 1, 4, 5836.04),
(3, 2014, 1, 4, 81803),
(4, 2014, 1, 4, 664034),
(5, 2014, 1, 4, 216658),
(6, 2014, 1, 4, 44935.4),
(7, 2014, 1, 4, 28791.8),
(8, 2014, 1, 4, 93065.4),
(9, 2014, 1, 4, 342943),
(10, 2014, 1, 4, 417330),
(11, 2014, 1, 4, 82546.5),
(12, 2014, 1, 4, 30613.9),
(1, 2015, 1, 4, 22524.9),
(2, 2015, 1, 4, 16371),
(3, 2015, 1, 4, 6208.44),
(4, 2015, 1, 4, 38240.2),
(5, 2015, 1, 4, 126024),
(6, 2015, 1, 4, 231657),
(7, 2015, 1, 4, 93100),
(8, 2015, 1, 4, 169453),
(9, 2015, 1, 4, 96250.8),
(10, 2015, 1, 4, 31457.2),
(11, 2015, 1, 4, 126656),
(12, 2015, 1, 4, 53007.1),
(1, 2016, 1, 4, 10686.9),
(2, 2016, 1, 4, 23354.7),
(3, 2016, 1, 4, 31006.8),
(4, 2016, 1, 4, 5918.05),
(5, 2016, 1, 4, 41626.2),
(6, 2016, 1, 4, 26575.1),
(7, 2016, 1, 4, 3606.51),
(8, 2016, 1, 4, 57695.9),
(9, 2016, 1, 4, 618610),
(10, 2016, 1, 4, 87369.3),
(11, 2016, 1, 4, 126656),
(12, 2016, 1, 4, 53007.1),
(1, 2017, 1, 4, 6016.58),
(2, 2017, 1, 4, 3817.07),
(3, 2017, 1, 4, 12061.6),
(4, 2017, 1, 4, 7532.51),
(5, 2017, 1, 4, 12985.3),
(6, 2017, 1, 4, 105567),
(7, 2017, 1, 4, 58133.1),
(8, 2017, 1, 4, 291371),
(9, 2017, 1, 4, 351006),
(10, 2017, 1, 4, 659114),
(11, 2017, 1, 4, 74764.6),
(12, 2017, 1, 4, 20110.8),
(1, 2018, 1, 4, 12.6),
(2, 2018, 1, 4, 3364.92),
(3, 2018, 1, 4, 82292.2),
(4, 2018, 1, 4, 65105.5),
(5, 2018, 1, 4, 285476),
(6, 2018, 1, 4, 451705),
(7, 2018, 1, 4, 748694),
(8, 2018, 1, 4, 1048210),
(9, 2018, 1, 4, 457197),
(10, 2018, 1, 4, 239693),
(11, 2018, 1, 4, 396318),
(12, 2018, 1, 4, 58468.9),
(1, 2019, 1, 4, 25726.4),
(2, 2019, 1, 4, 35187.6),
(3, 2019, 1, 4, 104654),
(4, 2019, 1, 4, 78630.3),
(5, 2019, 1, 4, 183089),
(6, 2019, 1, 4, 243844),
(7, 2019, 1, 4, 221491),
(8, 2019, 1, 4, 124286),
(9, 2019, 1, 4, 256837),
(10, 2019, 1, 4, 766166),
(11, 2019, 1, 4, 233295),
(12, 2019, 1, 4, 0.7),
(1, 2014, 2, 4, 2981.67),
(2, 2014, 2, 4, 1250.58),
(3, 2014, 2, 4, 17529.2),
(4, 2014, 2, 4, 142293),
(5, 2014, 2, 4, 46426.8),
(6, 2014, 2, 4, 9629.01),
(7, 2014, 2, 4, 6169.68),
(8, 2014, 2, 4, 19942.6),
(9, 2014, 2, 4, 73487.8),
(10, 2014, 2, 4, 89427.9),
(11, 2014, 2, 4, 17688.5),
(12, 2014, 2, 4, 6560.13),
(1, 2015, 2, 4, 4826.76),
(2, 2015, 2, 4, 3508.06),
(3, 2015, 2, 4, 1330.38),
(4, 2015, 2, 4, 8194.32),
(5, 2015, 2, 4, 27005.2),
(6, 2015, 2, 4, 49640.9),
(7, 2015, 2, 4, 19950),
(8, 2015, 2, 4, 36311.3),
(9, 2015, 2, 4, 20625.2),
(10, 2015, 2, 4, 6740.82),
(11, 2015, 2, 4, 27140.6),
(12, 2015, 2, 4, 11358.7),
(1, 2016, 2, 4, 2290.05),
(2, 2016, 2, 4, 5004.59),
(3, 2016, 2, 4, 6644.32),
(4, 2016, 2, 4, 1268.15),
(5, 2016, 2, 4, 8919.9),
(6, 2016, 2, 4, 5694.66),
(7, 2016, 2, 4, 772.82),
(8, 2016, 2, 4, 12363.4),
(9, 2016, 2, 4, 132559),
(10, 2016, 2, 4, 18722),
(11, 2016, 2, 4, 27140.6),
(12, 2016, 2, 4, 11358.7),
(1, 2017, 2, 4, 1289.27),
(2, 2017, 2, 4, 817.94),
(3, 2017, 2, 4, 2584.62),
(4, 2017, 2, 4, 1614.11),
(5, 2017, 2, 4, 2782.56),
(6, 2017, 2, 4, 22621.4),
(7, 2017, 2, 4, 12457.1),
(8, 2017, 2, 4, 62436.6),
(9, 2017, 2, 4, 75215.6),
(10, 2017, 2, 4, 141239),
(11, 2017, 2, 4, 16021),
(12, 2017, 2, 4, 4309.46),
(1, 2018, 2, 4, 2.7),
(2, 2018, 2, 4, 721.05),
(3, 2018, 2, 4, 17634),
(4, 2018, 2, 4, 13951.2),
(5, 2018, 2, 4, 61173.4),
(6, 2018, 2, 4, 96794),
(7, 2018, 2, 4, 160434),
(8, 2018, 2, 4, 224616),
(9, 2018, 2, 4, 97970.9),
(10, 2018, 2, 4, 51362.9),
(11, 2018, 2, 4, 84925.4),
(12, 2018, 2, 4, 12529),
(1, 2019, 2, 4, 5512.8),
(2, 2019, 2, 4, 7540.2),
(3, 2019, 2, 4, 22425.8),
(4, 2019, 2, 4, 16849.3),
(5, 2019, 2, 4, 39233.4),
(6, 2019, 2, 4, 52252.4),
(7, 2019, 2, 4, 47462.4),
(8, 2019, 2, 4, 26632.7),
(9, 2019, 2, 4, 55036.5),
(10, 2019, 2, 4, 164178),
(11, 2019, 2, 4, 49991.7),
(12, 2019, 2, 4, 0.15),
(1, 2014, 4, 4, 1987.78),
(2, 2014, 4, 4, 833.72),
(3, 2014, 4, 4, 11686.1),
(4, 2014, 4, 4, 94862.1),
(5, 2014, 4, 4, 30951.2),
(6, 2014, 4, 4, 6419.34),
(7, 2014, 4, 4, 4113.12),
(8, 2014, 4, 4, 13295.1),
(9, 2014, 4, 4, 48991.9),
(10, 2014, 4, 4, 59618.6),
(11, 2014, 4, 4, 11792.3),
(12, 2014, 4, 4, 4373.42),
(1, 2015, 4, 4, 3217.84),
(2, 2015, 4, 4, 2338.71),
(3, 2015, 4, 4, 886.92),
(4, 2015, 4, 4, 5462.88),
(5, 2015, 4, 4, 18003.4),
(6, 2015, 4, 4, 33093.9),
(7, 2015, 4, 4, 13300),
(8, 2015, 4, 4, 24207.5),
(9, 2015, 4, 4, 13750.1),
(10, 2015, 4, 4, 4493.88),
(11, 2015, 4, 4, 18093.7),
(12, 2015, 4, 4, 7572.45),
(1, 2016, 4, 4, 1526.7),
(2, 2016, 4, 4, 3336.39),
(3, 2016, 4, 4, 4429.55),
(4, 2016, 4, 4, 845.44),
(5, 2016, 4, 4, 5946.6),
(6, 2016, 4, 4, 3796.44),
(7, 2016, 4, 4, 515.22),
(8, 2016, 4, 4, 8242.27),
(9, 2016, 4, 4, 88372.9),
(10, 2016, 4, 4, 12481.3),
(11, 2016, 4, 4, 18093.7),
(12, 2016, 4, 4, 7572.45),
(1, 2017, 4, 4, 859.51),
(2, 2017, 4, 4, 545.3),
(3, 2017, 4, 4, 1723.08),
(4, 2017, 4, 4, 1076.07),
(5, 2017, 4, 4, 1855.04),
(6, 2017, 4, 4, 15081),
(7, 2017, 4, 4, 8304.73),
(8, 2017, 4, 4, 41624.4),
(9, 2017, 4, 4, 50143.7),
(10, 2017, 4, 4, 94159.1),
(11, 2017, 4, 4, 10680.7),
(12, 2017, 4, 4, 2872.98),
(1, 2018, 4, 4, 1.8),
(2, 2018, 4, 4, 480.7),
(3, 2018, 4, 4, 11756),
(4, 2018, 4, 4, 9300.79),
(5, 2018, 4, 4, 40782.2),
(6, 2018, 4, 4, 64529.3),
(7, 2018, 4, 4, 106956),
(8, 2018, 4, 4, 149744),
(9, 2018, 4, 4, 65313.9),
(10, 2018, 4, 4, 34241.9),
(11, 2018, 4, 4, 56616.9),
(12, 2018, 4, 4, 8352.7),
(1, 2019, 4, 4, 3675.2),
(2, 2019, 4, 4, 5026.8),
(3, 2019, 4, 4, 14950.5),
(4, 2019, 4, 4, 11232.9),
(5, 2019, 4, 4, 26155.6),
(6, 2019, 4, 4, 34834.9),
(7, 2019, 4, 4, 31641.6),
(8, 2019, 4, 4, 17755.1),
(9, 2019, 4, 4, 36691),
(10, 2019, 4, 4, 109452),
(11, 2019, 4, 4, 33327.8),
(12, 2019, 4, 4, 0.1),
(1, 2014, 5, 4, 298.17),
(2, 2014, 5, 4, 125.06),
(3, 2014, 5, 4, 1752.92),
(4, 2014, 5, 4, 14229.3),
(5, 2014, 5, 4, 4642.68),
(6, 2014, 5, 4, 962.9),
(7, 2014, 5, 4, 616.97),
(8, 2014, 5, 4, 1994.26),
(9, 2014, 5, 4, 7348.78),
(10, 2014, 5, 4, 8942.79),
(11, 2014, 5, 4, 1768.85),
(12, 2014, 5, 4, 656.01),
(1, 2015, 5, 4, 482.676),
(2, 2015, 5, 4, 350.806),
(3, 2015, 5, 4, 133.038),
(4, 2015, 5, 4, 819.432),
(5, 2015, 5, 4, 2700.52),
(6, 2015, 5, 4, 4964.09),
(7, 2015, 5, 4, 1995),
(8, 2015, 5, 4, 3631.13),
(9, 2015, 5, 4, 2062.52),
(10, 2015, 5, 4, 674.082),
(11, 2015, 5, 4, 2714.05),
(12, 2015, 5, 4, 1135.87),
(1, 2016, 5, 4, 229.005),
(2, 2016, 5, 4, 500.46),
(3, 2016, 5, 4, 664.43),
(4, 2016, 5, 4, 126.82),
(5, 2016, 5, 4, 891.99),
(6, 2016, 5, 4, 569.47),
(7, 2016, 5, 4, 77.28),
(8, 2016, 5, 4, 1236.34),
(9, 2016, 5, 4, 13255.9),
(10, 2016, 5, 4, 1872.2),
(11, 2016, 5, 4, 2714.06),
(12, 2016, 5, 4, 1135.87),
(1, 2017, 5, 4, 128.93),
(2, 2017, 5, 4, 81.79),
(3, 2017, 5, 4, 258.46),
(4, 2017, 5, 4, 161.41),
(5, 2017, 5, 4, 278.26),
(6, 2017, 5, 4, 2262.14),
(7, 2017, 5, 4, 1245.71),
(8, 2017, 5, 4, 6243.66),
(9, 2017, 5, 4, 7521.56),
(10, 2017, 5, 4, 14123.9),
(11, 2017, 5, 4, 1602.1),
(12, 2017, 5, 4, 430.95),
(1, 2018, 5, 4, 0.27),
(2, 2018, 5, 4, 72.11),
(3, 2018, 5, 4, 1763.4),
(4, 2018, 5, 4, 1395.12),
(5, 2018, 5, 4, 6117.34),
(6, 2018, 5, 4, 9679.4),
(7, 2018, 5, 4, 16043.4),
(8, 2018, 5, 4, 22461.6),
(9, 2018, 5, 4, 9797.09),
(10, 2018, 5, 4, 5136.28),
(11, 2018, 5, 4, 8492.54),
(12, 2018, 5, 4, 1252.91),
(1, 2019, 5, 4, 551.28),
(2, 2019, 5, 4, 754.02),
(3, 2019, 5, 4, 2242.57),
(4, 2019, 5, 4, 1684.94),
(5, 2019, 5, 4, 3923.34),
(6, 2019, 5, 4, 5225.23),
(7, 2019, 5, 4, 4746.24),
(8, 2019, 5, 4, 2663.26),
(9, 2019, 5, 4, 5503.65),
(10, 2019, 5, 4, 16417.8),
(11, 2019, 5, 4, 4999.17),
(12, 2019, 5, 4, 0.015),
(1, 2014, 7, 4, 298.17),
(2, 2014, 7, 4, 125.06),
(3, 2014, 7, 4, 1752.92),
(4, 2014, 7, 4, 14229.3),
(5, 2014, 7, 4, 4642.68),
(6, 2014, 7, 4, 962.9),
(7, 2014, 7, 4, 616.97),
(8, 2014, 7, 4, 1994.26),
(9, 2014, 7, 4, 7348.78),
(10, 2014, 7, 4, 8942.79),
(11, 2014, 7, 4, 1768.85),
(12, 2014, 7, 4, 656.01),
(1, 2015, 7, 4, 482.676),
(2, 2015, 7, 4, 350.806),
(3, 2015, 7, 4, 133.038),
(4, 2015, 7, 4, 819.432),
(5, 2015, 7, 4, 2700.52),
(6, 2015, 7, 4, 4964.09),
(7, 2015, 7, 4, 1995),
(8, 2015, 7, 4, 3631.13),
(9, 2015, 7, 4, 2062.52),
(10, 2015, 7, 4, 674.082),
(11, 2015, 7, 4, 2714.05),
(12, 2015, 7, 4, 1135.87),
(1, 2016, 7, 4, 229.005),
(2, 2016, 7, 4, 500.46),
(3, 2016, 7, 4, 664.43),
(4, 2016, 7, 4, 126.82),
(5, 2016, 7, 4, 891.99),
(6, 2016, 7, 4, 569.47),
(7, 2016, 7, 4, 77.28),
(8, 2016, 7, 4, 1236.34),
(9, 2016, 7, 4, 13255.9),
(10, 2016, 7, 4, 1872.2),
(11, 2016, 7, 4, 2714.06),
(12, 2016, 7, 4, 1135.87),
(1, 2017, 7, 4, 128.93),
(2, 2017, 7, 4, 81.79),
(3, 2017, 7, 4, 258.46),
(4, 2017, 7, 4, 161.41),
(5, 2017, 7, 4, 278.26),
(6, 2017, 7, 4, 2262.14),
(7, 2017, 7, 4, 1245.71),
(8, 2017, 7, 4, 6243.66),
(9, 2017, 7, 4, 7521.56),
(10, 2017, 7, 4, 14123.9),
(11, 2017, 7, 4, 1602.1),
(12, 2017, 7, 4, 430.95),
(1, 2018, 7, 4, 0.27),
(2, 2018, 7, 4, 72.11),
(3, 2018, 7, 4, 1763.4),
(4, 2018, 7, 4, 1395.12),
(5, 2018, 7, 4, 6117.34),
(6, 2018, 7, 4, 9679.4),
(7, 2018, 7, 4, 16043.4),
(8, 2018, 7, 4, 22461.6),
(9, 2018, 7, 4, 9797.09),
(10, 2018, 7, 4, 5136.28),
(11, 2018, 7, 4, 8492.54),
(12, 2018, 7, 4, 1252.91),
(1, 2019, 7, 4, 551.28),
(2, 2019, 7, 4, 754.02),
(3, 2019, 7, 4, 2242.57),
(4, 2019, 7, 4, 1684.94),
(5, 2019, 7, 4, 3923.34),
(6, 2019, 7, 4, 5225.23),
(7, 2019, 7, 4, 4746.24),
(8, 2019, 7, 4, 2663.26),
(9, 2019, 7, 4, 5503.65),
(10, 2019, 7, 4, 16417.8),
(11, 2019, 7, 4, 4999.17),
(12, 2019, 7, 4, 0.015),
(1, 2014, 8, 4, 397.56),
(2, 2014, 8, 4, 166.74),
(3, 2014, 8, 4, 2337.23),
(4, 2014, 8, 4, 18972.4),
(5, 2014, 8, 4, 6190.24),
(6, 2014, 8, 4, 1283.87),
(7, 2014, 8, 4, 822.62),
(8, 2014, 8, 4, 2659.01),
(9, 2014, 8, 4, 9798.38),
(10, 2014, 8, 4, 11923.7),
(11, 2014, 8, 4, 2358.47),
(12, 2014, 8, 4, 874.68),
(1, 2015, 8, 4, 643.568),
(2, 2015, 8, 4, 467.742),
(3, 2015, 8, 4, 177.384),
(4, 2015, 8, 4, 1092.58),
(5, 2015, 8, 4, 3600.69),
(6, 2015, 8, 4, 6618.78),
(7, 2015, 8, 4, 2660),
(8, 2015, 8, 4, 4841.5),
(9, 2015, 8, 4, 2750.02),
(10, 2015, 8, 4, 898.776),
(11, 2015, 8, 4, 3618.74),
(12, 2015, 8, 4, 1514.49),
(1, 2016, 8, 4, 305.34),
(2, 2016, 8, 4, 667.28),
(3, 2016, 8, 4, 885.91),
(4, 2016, 8, 4, 169.09),
(5, 2016, 8, 4, 1189.32),
(6, 2016, 8, 4, 759.29),
(7, 2016, 8, 4, 103.04),
(8, 2016, 8, 4, 1648.45),
(9, 2016, 8, 4, 17674.6),
(10, 2016, 8, 4, 2496.27),
(11, 2016, 8, 4, 3618.74),
(12, 2016, 8, 4, 1514.49),
(1, 2017, 8, 4, 171.9),
(2, 2017, 8, 4, 109.06),
(3, 2017, 8, 4, 344.62),
(4, 2017, 8, 4, 215.21),
(5, 2017, 8, 4, 371.01),
(6, 2017, 8, 4, 3016.19),
(7, 2017, 8, 4, 1660.95),
(8, 2017, 8, 4, 8324.88),
(9, 2017, 8, 4, 10028.7),
(10, 2017, 8, 4, 18831.8),
(11, 2017, 8, 4, 2136.13),
(12, 2017, 8, 4, 574.6),
(1, 2018, 8, 4, 0.36),
(2, 2018, 8, 4, 96.14),
(3, 2018, 8, 4, 2351.21),
(4, 2018, 8, 4, 1860.16),
(5, 2018, 8, 4, 8156.45),
(6, 2018, 8, 4, 12905.9),
(7, 2018, 8, 4, 21391.2),
(8, 2018, 8, 4, 29948.8),
(9, 2018, 8, 4, 13062.8),
(10, 2018, 8, 4, 6848.38),
(11, 2018, 8, 4, 11323.4),
(12, 2018, 8, 4, 1670.54),
(1, 2019, 8, 4, 735.04),
(2, 2019, 8, 4, 1005.36),
(3, 2019, 8, 4, 2990.1),
(4, 2019, 8, 4, 2246.58),
(5, 2019, 8, 4, 5231.12),
(6, 2019, 8, 4, 6966.98),
(7, 2019, 8, 4, 6328.32),
(8, 2019, 8, 4, 3551.02),
(9, 2019, 8, 4, 7338.2),
(10, 2019, 8, 4, 21890.5),
(11, 2019, 8, 4, 6665.56),
(12, 2019, 8, 4, 0.02),
(1, 2014, 1, 3, 4851.84),
(2, 2014, 1, 3, 4224.08),
(3, 2014, 1, 3, 42988.3),
(4, 2014, 1, 3, 281283),
(5, 2014, 1, 3, 449517),
(6, 2014, 1, 3, 108245),
(7, 2014, 1, 3, 195824),
(8, 2014, 1, 3, 62559.2),
(9, 2014, 1, 3, 42722.3),
(10, 2014, 1, 3, 86370.2),
(11, 2014, 1, 3, 32865.6),
(12, 2014, 1, 3, 19519.1),
(1, 2015, 1, 3, 2085.44),
(2, 2015, 1, 3, 5778.85),
(3, 2015, 1, 3, 48342.8),
(4, 2015, 1, 3, 84056),
(5, 2015, 1, 3, 151601),
(6, 2015, 1, 3, 842289),
(7, 2015, 1, 3, 517061),
(8, 2015, 1, 3, 258622),
(9, 2015, 1, 3, 142406),
(10, 2015, 1, 3, 95392.9),
(11, 2015, 1, 3, 70188.1),
(12, 2015, 1, 3, 929.67),
(1, 2016, 1, 3, 941.857),
(2, 2016, 1, 3, 9277.91),
(3, 2016, 1, 3, 17349.2),
(4, 2016, 1, 3, 128859),
(5, 2016, 1, 3, 245234),
(6, 2016, 1, 3, 232923),
(7, 2016, 1, 3, 86044.7),
(8, 2016, 1, 3, 22609.7),
(9, 2016, 1, 3, 33911.4),
(10, 2016, 1, 3, 33607.4),
(11, 2016, 1, 3, 61771.1),
(12, 2016, 1, 3, 35173.4),
(1, 2017, 1, 3, 16377),
(2, 2017, 1, 3, 26118.3),
(3, 2017, 1, 3, 111018),
(4, 2017, 1, 3, 244708),
(5, 2017, 1, 3, 376544),
(6, 2017, 1, 3, 205103),
(7, 2017, 1, 3, 609267),
(8, 2017, 1, 3, 587242),
(9, 2017, 1, 3, 770744),
(10, 2017, 1, 3, 644775),
(11, 2017, 1, 3, 306052),
(12, 2017, 1, 3, 88809.2),
(1, 2018, 1, 3, 15925.7),
(2, 2018, 1, 3, 20991.6),
(3, 2018, 1, 3, 18214.7),
(4, 2018, 1, 3, 207694),
(5, 2018, 1, 3, 279378),
(6, 2018, 1, 3, 402805),
(7, 2018, 1, 3, 611904),
(8, 2018, 1, 3, 813943),
(9, 2018, 1, 3, 540498),
(10, 2018, 1, 3, 213555),
(11, 2018, 1, 3, 145358),
(12, 2018, 1, 3, 41028.4),
(1, 2019, 1, 3, 8480.5),
(2, 2019, 1, 3, 27840.4),
(3, 2019, 1, 3, 119774),
(4, 2019, 1, 3, 144737),
(5, 2019, 1, 3, 305449),
(6, 2019, 1, 3, 324070),
(7, 2019, 1, 3, 547199),
(8, 2019, 1, 3, 254085),
(9, 2019, 1, 3, 167396),
(10, 2019, 1, 3, 145341),
(11, 2019, 1, 3, 92526.7),
(12, 2019, 1, 3, 47524.4),
(1, 2014, 2, 3, 762.432),
(2, 2014, 2, 3, 663.784),
(3, 2014, 2, 3, 6755.3),
(4, 2014, 2, 3, 44201.6),
(5, 2014, 2, 3, 70638.4),
(6, 2014, 2, 3, 17009.9),
(7, 2014, 2, 3, 30772.3),
(8, 2014, 2, 3, 9830.73),
(9, 2014, 2, 3, 6713.5),
(10, 2014, 2, 3, 13572.5),
(11, 2014, 2, 3, 5164.6),
(12, 2014, 2, 3, 3067.28),
(1, 2015, 2, 3, 327.712),
(2, 2015, 2, 3, 908.105),
(3, 2015, 2, 3, 7596.73),
(4, 2015, 2, 3, 13208.8),
(5, 2015, 2, 3, 23823.1),
(6, 2015, 2, 3, 132360),
(7, 2015, 2, 3, 81252.5),
(8, 2015, 2, 3, 40640.7),
(9, 2015, 2, 3, 22378),
(10, 2015, 2, 3, 14990.3),
(11, 2015, 2, 3, 11029.6),
(12, 2015, 2, 3, 146.091),
(1, 2016, 2, 3, 148.006),
(2, 2016, 2, 3, 1457.96),
(3, 2016, 2, 3, 2726.3),
(4, 2016, 2, 3, 20249.3),
(5, 2016, 2, 3, 38536.8),
(6, 2016, 2, 3, 36602.3),
(7, 2016, 2, 3, 13521.3),
(8, 2016, 2, 3, 3552.95),
(9, 2016, 2, 3, 5328.94),
(10, 2016, 2, 3, 5281.16),
(11, 2016, 2, 3, 9706.89),
(12, 2016, 2, 3, 5527.25),
(1, 2017, 2, 3, 2573.53),
(2, 2017, 2, 3, 4104.3),
(3, 2017, 2, 3, 17445.7),
(4, 2017, 2, 3, 38454),
(5, 2017, 2, 3, 59171.2),
(6, 2017, 2, 3, 32230.5),
(7, 2017, 2, 3, 95741.9),
(8, 2017, 2, 3, 92280.9),
(9, 2017, 2, 3, 121117),
(10, 2017, 2, 3, 101322),
(11, 2017, 2, 3, 48093.8),
(12, 2017, 2, 3, 13955.7),
(1, 2018, 2, 3, 2502.61),
(2, 2018, 2, 3, 3298.68),
(3, 2018, 2, 3, 2862.31),
(4, 2018, 2, 3, 32637.6),
(5, 2018, 2, 3, 43902.2),
(6, 2018, 2, 3, 63297.9),
(7, 2018, 2, 3, 96156.4),
(8, 2018, 2, 3, 127905),
(9, 2018, 2, 3, 84935.4),
(10, 2018, 2, 3, 33558.7),
(11, 2018, 2, 3, 22842.1),
(12, 2018, 2, 3, 6447.32),
(1, 2019, 2, 3, 1332.65),
(2, 2019, 2, 3, 4374.92),
(3, 2019, 2, 3, 18821.6),
(4, 2019, 2, 3, 22744.4),
(5, 2019, 2, 3, 47999.2),
(6, 2019, 2, 3, 50925.3),
(7, 2019, 2, 3, 85988.4),
(8, 2019, 2, 3, 39927.7),
(9, 2019, 2, 3, 26305.1),
(10, 2019, 2, 3, 22839.3),
(11, 2019, 2, 3, 14539.9),
(12, 2019, 2, 3, 7468.12),
(1, 2014, 4, 3, 693.12),
(2, 2014, 4, 3, 603.44),
(3, 2014, 4, 3, 6141.18),
(4, 2014, 4, 3, 40183.3),
(5, 2014, 4, 3, 64216.8),
(6, 2014, 4, 3, 15463.5),
(7, 2014, 4, 3, 27974.8),
(8, 2014, 4, 3, 8937.03),
(9, 2014, 4, 3, 6103.18),
(10, 2014, 4, 3, 12338.6),
(11, 2014, 4, 3, 4695.09),
(12, 2014, 4, 3, 2788.44),
(1, 2015, 4, 3, 297.92),
(2, 2015, 4, 3, 825.55),
(3, 2015, 4, 3, 6906.12),
(4, 2015, 4, 3, 12008),
(5, 2015, 4, 3, 21657.3),
(6, 2015, 4, 3, 120327),
(7, 2015, 4, 3, 73865.9),
(8, 2015, 4, 3, 36946.1),
(9, 2015, 4, 3, 20343.7),
(10, 2015, 4, 3, 13627.6),
(11, 2015, 4, 3, 10026.9),
(12, 2015, 4, 3, 132.81),
(1, 2016, 4, 3, 134.551),
(2, 2016, 4, 3, 1325.42),
(3, 2016, 4, 3, 2478.46),
(4, 2016, 4, 3, 18408.5),
(5, 2016, 4, 3, 35033.5),
(6, 2016, 4, 3, 33274.8),
(7, 2016, 4, 3, 12292.1),
(8, 2016, 4, 3, 3229.96),
(9, 2016, 4, 3, 4844.49),
(10, 2016, 4, 3, 4801.06),
(11, 2016, 4, 3, 8824.45),
(12, 2016, 4, 3, 5024.77),
(1, 2017, 4, 3, 2339.57),
(2, 2017, 4, 3, 3731.18),
(3, 2017, 4, 3, 15859.7),
(4, 2017, 4, 3, 34958.2),
(5, 2017, 4, 3, 53792),
(6, 2017, 4, 3, 29300.5),
(7, 2017, 4, 3, 87038.1),
(8, 2017, 4, 3, 83891.7),
(9, 2017, 4, 3, 110106),
(10, 2017, 4, 3, 92110.8),
(11, 2017, 4, 3, 43721.6),
(12, 2017, 4, 3, 12687),
(1, 2018, 4, 3, 2275.1),
(2, 2018, 4, 3, 2998.8),
(3, 2018, 4, 3, 2602.1),
(4, 2018, 4, 3, 29670.5),
(5, 2018, 4, 3, 39911.1),
(6, 2018, 4, 3, 57543.6),
(7, 2018, 4, 3, 87414.9),
(8, 2018, 4, 3, 116278),
(9, 2018, 4, 3, 77214),
(10, 2018, 4, 3, 30507.9),
(11, 2018, 4, 3, 20765.5),
(12, 2018, 4, 3, 5861.2),
(1, 2019, 4, 3, 1211.5),
(2, 2019, 4, 3, 3977.2),
(3, 2019, 4, 3, 17110.5),
(4, 2019, 4, 3, 20676.7),
(5, 2019, 4, 3, 43635.6),
(6, 2019, 4, 3, 46295.7),
(7, 2019, 4, 3, 78171.3),
(8, 2019, 4, 3, 36297.9),
(9, 2019, 4, 3, 23913.7),
(10, 2019, 4, 3, 20763),
(11, 2019, 4, 3, 13218.1),
(12, 2019, 4, 3, 6789.2),
(1, 2014, 5, 3, 415.872),
(2, 2014, 5, 3, 362.064),
(3, 2014, 5, 3, 3684.71),
(4, 2014, 5, 3, 24110),
(5, 2014, 5, 3, 38530.1),
(6, 2014, 5, 3, 9278.12),
(7, 2014, 5, 3, 16784.9),
(8, 2014, 5, 3, 5362.22),
(9, 2014, 5, 3, 3661.91),
(10, 2014, 5, 3, 7403.16),
(11, 2014, 5, 3, 2817.05),
(12, 2014, 5, 3, 1673.06),
(1, 2015, 5, 3, 178.752),
(2, 2015, 5, 3, 495.33),
(3, 2015, 5, 3, 4143.67),
(4, 2015, 5, 3, 7204.8),
(5, 2015, 5, 3, 12994.4),
(6, 2015, 5, 3, 72196.2),
(7, 2015, 5, 3, 44319.6),
(8, 2015, 5, 3, 22167.6),
(9, 2015, 5, 3, 12206.2),
(10, 2015, 5, 3, 8176.54),
(11, 2015, 5, 3, 6016.12),
(12, 2015, 5, 3, 79.686),
(1, 2016, 5, 3, 80.7306),
(2, 2016, 5, 3, 795.25),
(3, 2016, 5, 3, 1487.07),
(4, 2016, 5, 3, 11045.1),
(5, 2016, 5, 3, 21020.1),
(6, 2016, 5, 3, 19964.9),
(7, 2016, 5, 3, 7375.26),
(8, 2016, 5, 3, 1937.97),
(9, 2016, 5, 3, 2906.69),
(10, 2016, 5, 3, 2880.63),
(11, 2016, 5, 3, 5294.67),
(12, 2016, 5, 3, 3014.86),
(1, 2017, 5, 3, 1403.74),
(2, 2017, 5, 3, 2238.71),
(3, 2017, 5, 3, 9515.83),
(4, 2017, 5, 3, 20974.9),
(5, 2017, 5, 3, 32275.2),
(6, 2017, 5, 3, 17580.3),
(7, 2017, 5, 3, 52222.9),
(8, 2017, 5, 3, 50335),
(9, 2017, 5, 3, 66063.7),
(10, 2017, 5, 3, 55266.5),
(11, 2017, 5, 3, 26233),
(12, 2017, 5, 3, 7612.22),
(1, 2018, 5, 3, 1365.06),
(2, 2018, 5, 3, 1799.28),
(3, 2018, 5, 3, 1561.26),
(4, 2018, 5, 3, 17802.3),
(5, 2018, 5, 3, 23946.7),
(6, 2018, 5, 3, 34526.1),
(7, 2018, 5, 3, 52448.9),
(8, 2018, 5, 3, 69766.5),
(9, 2018, 5, 3, 46328.4),
(10, 2018, 5, 3, 18304.7),
(11, 2018, 5, 3, 12459.3),
(12, 2018, 5, 3, 3516.72),
(1, 2019, 5, 3, 726.9),
(2, 2019, 5, 3, 2386.32),
(3, 2019, 5, 3, 10266.3),
(4, 2019, 5, 3, 12406),
(5, 2019, 5, 3, 26181.4),
(6, 2019, 5, 3, 27777.4),
(7, 2019, 5, 3, 46902.8),
(8, 2019, 5, 3, 21778.7),
(9, 2019, 5, 3, 14348.2),
(10, 2019, 5, 3, 12457.8),
(11, 2019, 5, 3, 7930.86),
(12, 2019, 5, 3, 4073.52),
(1, 2014, 7, 3, 69.312),
(2, 2014, 7, 3, 60.344),
(3, 2014, 7, 3, 614.118),
(4, 2014, 7, 3, 4018.33),
(5, 2014, 7, 3, 6421.68),
(6, 2014, 7, 3, 1546.35),
(7, 2014, 7, 3, 2797.48),
(8, 2014, 7, 3, 893.703),
(9, 2014, 7, 3, 610.318),
(10, 2014, 7, 3, 1233.86),
(11, 2014, 7, 3, 469.509),
(12, 2014, 7, 3, 278.844),
(1, 2015, 7, 3, 29.792),
(2, 2015, 7, 3, 82.555),
(3, 2015, 7, 3, 690.612),
(4, 2015, 7, 3, 1200.8),
(5, 2015, 7, 3, 2165.73),
(6, 2015, 7, 3, 12032.7),
(7, 2015, 7, 3, 7386.59),
(8, 2015, 7, 3, 3694.61),
(9, 2015, 7, 3, 2034.37),
(10, 2015, 7, 3, 1362.76),
(11, 2015, 7, 3, 1002.69),
(12, 2015, 7, 3, 13.281),
(1, 2016, 7, 3, 13.4551),
(2, 2016, 7, 3, 132.542),
(3, 2016, 7, 3, 247.846),
(4, 2016, 7, 3, 1840.85),
(5, 2016, 7, 3, 3503.35),
(6, 2016, 7, 3, 3327.48),
(7, 2016, 7, 3, 1229.21),
(8, 2016, 7, 3, 322.996),
(9, 2016, 7, 3, 484.449),
(10, 2016, 7, 3, 480.105),
(11, 2016, 7, 3, 882.445),
(12, 2016, 7, 3, 502.478),
(1, 2017, 7, 3, 233.957),
(2, 2017, 7, 3, 373.118),
(3, 2017, 7, 3, 1585.97),
(4, 2017, 7, 3, 3495.82),
(5, 2017, 7, 3, 5379.2),
(6, 2017, 7, 3, 2930.05),
(7, 2017, 7, 3, 8703.81),
(8, 2017, 7, 3, 8389.17),
(9, 2017, 7, 3, 11010.6),
(10, 2017, 7, 3, 9211.08),
(11, 2017, 7, 3, 4372.16),
(12, 2017, 7, 3, 1268.7),
(1, 2018, 7, 3, 227.51),
(2, 2018, 7, 3, 299.88),
(3, 2018, 7, 3, 260.21),
(4, 2018, 7, 3, 2967.05),
(5, 2018, 7, 3, 3991.11),
(6, 2018, 7, 3, 5754.36),
(7, 2018, 7, 3, 8741.49),
(8, 2018, 7, 3, 11627.8),
(9, 2018, 7, 3, 7721.4),
(10, 2018, 7, 3, 3050.79),
(11, 2018, 7, 3, 2076.55),
(12, 2018, 7, 3, 586.12),
(1, 2019, 7, 3, 121.15),
(2, 2019, 7, 3, 397.72),
(3, 2019, 7, 3, 1711.05),
(4, 2019, 7, 3, 2067.67),
(5, 2019, 7, 3, 4363.56),
(6, 2019, 7, 3, 4629.57),
(7, 2019, 7, 3, 7817.13),
(8, 2019, 7, 3, 3629.79),
(9, 2019, 7, 3, 2391.37),
(10, 2019, 7, 3, 2076.3),
(11, 2019, 7, 3, 1321.81),
(12, 2019, 7, 3, 678.92),
(1, 2014, 8, 3, 138.624),
(2, 2014, 8, 3, 120.688),
(3, 2014, 8, 3, 1228.24),
(4, 2014, 8, 3, 8036.66),
(5, 2014, 8, 3, 12843.4),
(6, 2014, 8, 3, 3092.71),
(7, 2014, 8, 3, 5594.97),
(8, 2014, 8, 3, 1787.41),
(9, 2014, 8, 3, 1220.64),
(10, 2014, 8, 3, 2467.72),
(11, 2014, 8, 3, 939.018),
(12, 2014, 8, 3, 557.688),
(1, 2015, 8, 3, 59.584),
(2, 2015, 8, 3, 165.11),
(3, 2015, 8, 3, 1381.22),
(4, 2015, 8, 3, 2401.6),
(5, 2015, 8, 3, 4331.47),
(6, 2015, 8, 3, 24065.4),
(7, 2015, 8, 3, 14773.2),
(8, 2015, 8, 3, 7389.21),
(9, 2015, 8, 3, 4068.74),
(10, 2015, 8, 3, 2725.51),
(11, 2015, 8, 3, 2005.37),
(12, 2015, 8, 3, 26.562),
(1, 2016, 8, 3, 26.9102),
(2, 2016, 8, 3, 265.083),
(3, 2016, 8, 3, 495.691),
(4, 2016, 8, 3, 3681.69),
(5, 2016, 8, 3, 7006.69),
(6, 2016, 8, 3, 6654.96),
(7, 2016, 8, 3, 2458.42),
(8, 2016, 8, 3, 645.992),
(9, 2016, 8, 3, 968.898),
(10, 2016, 8, 3, 960.211),
(11, 2016, 8, 3, 1764.89),
(12, 2016, 8, 3, 1004.96),
(1, 2017, 8, 3, 467.914),
(2, 2017, 8, 3, 746.236),
(3, 2017, 8, 3, 3171.94),
(4, 2017, 8, 3, 6991.64),
(5, 2017, 8, 3, 10758.4),
(6, 2017, 8, 3, 5860.1),
(7, 2017, 8, 3, 17407.6),
(8, 2017, 8, 3, 16778.3),
(9, 2017, 8, 3, 22021.2),
(10, 2017, 8, 3, 18422.2),
(11, 2017, 8, 3, 8744.33),
(12, 2017, 8, 3, 2537.41),
(1, 2018, 8, 3, 455.02),
(2, 2018, 8, 3, 599.761),
(3, 2018, 8, 3, 520.421),
(4, 2018, 8, 3, 5934.1),
(5, 2018, 8, 3, 7982.22),
(6, 2018, 8, 3, 11508.7),
(7, 2018, 8, 3, 17483),
(8, 2018, 8, 3, 23255.5),
(9, 2018, 8, 3, 15442.8),
(10, 2018, 8, 3, 6101.57),
(11, 2018, 8, 3, 4153.1),
(12, 2018, 8, 3, 1172.24),
(1, 2019, 8, 3, 242.3),
(2, 2019, 8, 3, 795.44),
(3, 2019, 8, 3, 3422.1),
(4, 2019, 8, 3, 4135.34),
(5, 2019, 8, 3, 8727.12),
(6, 2019, 8, 3, 9259.14),
(7, 2019, 8, 3, 15634.3),
(8, 2019, 8, 3, 7259.58),
(9, 2019, 8, 3, 4782.74),
(10, 2019, 8, 3, 4152.6),
(11, 2019, 8, 3, 2643.62),
(12, 2019, 8, 3, 1357.84),
(6, 2020, 1, 3, 926),
(6, 2020, 2, 3, 40),
(6, 2020, 4, 3, 52),
(6, 2020, 5, 3, 66),
(6, 2020, 7, 3, 110),
(6, 2020, 8, 3, 80),
(6, 2020, 1, 1, 20);

-- --------------------------------------------------------

--
-- Struktur dari tabel `desa`
--

CREATE TABLE `desa` (
  `IDDesa` int(11) NOT NULL,
  `NamaDesa` varchar(255) DEFAULT NULL
) ENGINE=InnoDB DEFAULT CHARSET=utf8mb4;

--
-- Dumping data untuk tabel `desa`
--

INSERT INTO `desa` (`IDDesa`, `NamaDesa`) VALUES
(1, 'Kedung Salam'),
(2, 'Sumber Bening'),
(3, 'Srigonco'),
(4, 'Tumpak Rejo'),
(5, 'Gajah Rejo'),
(6, 'Tambak Rejo'),
(7, 'Sido Astri'),
(8, 'Balearjo'),
(9, 'Purwodadi'),
(10, 'Pujiharjo'),
(11, 'Lebok Harjo');

-- --------------------------------------------------------

--
-- Struktur dari tabel `gammu`
--

CREATE TABLE `gammu` (
  `Version` int(11) NOT NULL DEFAULT 0
) ENGINE=MyISAM DEFAULT CHARSET=utf8;

--
-- Dumping data untuk tabel `gammu`
--

INSERT INTO `gammu` (`Version`) VALUES
(13);

-- --------------------------------------------------------

--
-- Struktur dari tabel `inbox`
--

CREATE TABLE `inbox` (
  `ID` int(10) UNSIGNED NOT NULL,
  `SenderNumber` varchar(20) NOT NULL DEFAULT '',
  `TextDecoded` text NOT NULL,
  `UpdatedInDB` timestamp NOT NULL DEFAULT current_timestamp() ON UPDATE current_timestamp(),
  `ReceivingDateTime` timestamp NOT NULL DEFAULT '0000-00-00 00:00:00',
  `Text` text NOT NULL,
  `Coding` enum('Default_No_Compression','Unicode_No_Compression','8bit','Default_Compression','Unicode_Compression') NOT NULL DEFAULT 'Default_No_Compression',
  `UDH` text NOT NULL,
  `SMSCNumber` varchar(20) NOT NULL DEFAULT '',
  `Class` int(11) NOT NULL DEFAULT -1,
  `RecipientID` text NOT NULL,
  `Processed` enum('false','true') NOT NULL DEFAULT 'false'
) ENGINE=MyISAM DEFAULT CHARSET=utf8;

-- --------------------------------------------------------

--
-- Struktur dari tabel `jenisikan`
--

CREATE TABLE `jenisikan` (
  `IDIkan` int(11) NOT NULL,
  `NamaIkan` varchar(255) DEFAULT NULL
) ENGINE=InnoDB DEFAULT CHARSET=utf8mb4;

--
-- Dumping data untuk tabel `jenisikan`
--

INSERT INTO `jenisikan` (`IDIkan`, `NamaIkan`) VALUES
(1, 'Tuna'),
(2, 'BKK/BKB'),
(3, 'Cakalang-BI'),
(4, 'Tongkol'),
(5, 'Albakora'),
(6, 'Selar'),
(7, 'Lemuru'),
(8, 'Ekor Merah'),
(9, 'Salem'),
(10, 'Layur'),
(11, 'Layang'),
(12, 'Layang Kecil/Rck'),
(13, 'Tompek'),
(14, 'Lauro'),
(15, 'Teri/Ssk/Rck'),
(16, 'Cumi-cumi'),
(17, 'Marlin/Tumbuk'),
(18, 'Tengiri'),
(19, 'Kembung'),
(20, 'Lobster');

-- --------------------------------------------------------

--
-- Struktur dari tabel `kecamatan`
--

CREATE TABLE `kecamatan` (
  `IDKecamatan` int(11) NOT NULL,
  `NamaKecamatan` varchar(255) DEFAULT NULL
) ENGINE=InnoDB DEFAULT CHARSET=utf8mb4;

--
-- Dumping data untuk tabel `kecamatan`
--

INSERT INTO `kecamatan` (`IDKecamatan`, `NamaKecamatan`) VALUES
(1, 'Dinomulyo'),
(2, 'Bantur'),
(3, 'Gedangan'),
(4, 'Sumber Manjing Wetan'),
(5, 'Tirtoyudo'),
(6, 'Ampel Gading');

-- --------------------------------------------------------

--
-- Struktur dari tabel `kelompoknelayan`
--

CREATE TABLE `kelompoknelayan` (
  `IDKelompok` int(11) NOT NULL,
  `NamaKelompok` varchar(255) DEFAULT NULL,
  `NamaKetua` varchar(255) DEFAULT NULL,
  `NoHP` varchar(255) DEFAULT NULL,
  `IDDesa` int(11) DEFAULT NULL,
  `IDKecamatan` int(11) DEFAULT NULL,
  `username` varchar(255) DEFAULT NULL,
  `password` varchar(255) DEFAULT NULL
) ENGINE=InnoDB DEFAULT CHARSET=utf8mb4;

--
-- Dumping data untuk tabel `kelompoknelayan`
--

INSERT INTO `kelompoknelayan` (`IDKelompok`, `NamaKelompok`, `NamaKetua`, `NoHP`, `IDDesa`, `IDKecamatan`, `username`, `password`) VALUES
(2, 'Bina Mandiri', 'Teguh Pitono', '+6282336663948', 1, 1, 'binamandiri', '7cf9a831c8a4346993ceabcded1e008a'),
(3, 'Bina Karya Mina', 'Sriadi', '+6281223746764', 2, 2, 'binakarya', '5daf7477c6d495d3befcd67774a8f250'),
(4, 'Misra', 'Seniman', '+6281217360887', 3, 2, 'misra', NULL),
(5, 'Mina Karya', 'Jemadi', '+6281331431592', 4, 3, 'minakarya', NULL),
(6, 'Mina Harapan Jaya', 'Wanto', '+6281230900924', 5, 3, 'minaharapan', NULL),
(7, 'Mina Rukun', 'Erfan Faeni', '+6282336270606', 6, 4, 'minarukun', NULL),
(8, 'Mina Bina Lestari', 'Sih Budiari', '+6285855951587', 6, 4, 'minabina', NULL),
(9, 'Mina Asri', 'Sih Hariyadi', '+6283834658860', 7, 4, 'minaasri', NULL),
(10, 'Mini Lestari', 'Kamulyan', '+6281319107101', 8, 5, 'minilestari', NULL),
(11, 'Mini Purwodadi', 'Sih Wiharjo', '+6285649824109', 9, 5, 'minipurwodadi', NULL),
(12, 'Puji Lestari', 'Budi Leksono', '', 10, 5, 'pujilestari', NULL),
(13, 'Licin Jaya', 'Triono', '+6282312345055', 11, 6, 'licinjaya', NULL),
(14, 'Kelompok Test', 'Test', '+6289509496244', 1, 1, 'kelompok', NULL);

-- --------------------------------------------------------

--
-- Struktur dari tabel `latih`
--

CREATE TABLE `latih` (
  `Id` int(11) NOT NULL,
  `tanggal` date DEFAULT NULL,
  `jumlah` int(11) DEFAULT NULL
) ENGINE=InnoDB DEFAULT CHARSET=utf8mb4;

--
-- Dumping data untuk tabel `latih`
--

INSERT INTO `latih` (`Id`, `tanggal`, `jumlah`) VALUES
(1, '2014-01-01', 693),
(2, '2014-02-01', 603),
(3, '2014-03-01', 6141),
(4, '2014-04-01', 40183),
(5, '2014-05-01', 64217),
(6, '2014-06-01', 15464),
(7, '2014-07-01', 27975),
(8, '2014-08-01', 8937),
(9, '2014-09-01', 6103),
(10, '2014-10-01', 12339),
(11, '2014-11-01', 4695),
(12, '2014-12-01', 2788),
(13, '2015-01-01', 298),
(14, '2015-02-01', 826),
(15, '2015-03-01', 6906),
(16, '2015-04-01', 12008),
(17, '2015-05-01', 21657),
(18, '2015-06-01', 120327),
(19, '2015-07-01', 73866),
(20, '2015-08-01', 36946),
(21, '2015-09-01', 20344),
(22, '2015-10-01', 13628),
(23, '2015-11-01', 10027),
(24, '2015-12-01', 133),
(25, '2016-01-01', 135),
(26, '2016-02-01', 1325),
(27, '2016-03-01', 2478),
(28, '2016-04-01', 18408),
(29, '2016-05-01', 35033),
(30, '2016-06-01', 33275),
(31, '2016-07-01', 12292),
(32, '2016-08-01', 3230),
(33, '2016-09-01', 4844),
(34, '2016-10-01', 4801),
(35, '2016-11-01', 8824),
(36, '2016-12-01', 5025),
(37, '2017-01-01', 2340),
(38, '2017-02-01', 3731),
(39, '2017-03-01', 15860),
(40, '2017-04-01', 34958),
(41, '2017-05-01', 53792),
(42, '2017-06-01', 29300),
(43, '2017-07-01', 87038),
(44, '2017-08-01', 83892),
(45, '2017-09-01', 110106),
(46, '2017-10-01', 92111),
(47, '2017-11-01', 43722),
(48, '2017-12-01', 12687),
(49, '2018-01-01', 200),
(50, '2018-02-01', 1394),
(51, '2018-03-01', 1210),
(52, '2018-04-01', 13797),
(53, '2018-05-01', 18559),
(54, '2018-06-01', 26758),
(55, '2018-07-01', 40648),
(56, '2018-08-01', 54069),
(57, '2018-09-01', 35905),
(58, '2018-10-01', 14186),
(59, '2018-11-01', 9656),
(60, '2018-12-01', 2725),
(61, '2019-01-01', 1212),
(62, '2019-02-01', 3977),
(63, '2019-03-01', 17111),
(64, '2019-04-01', 20677),
(65, '2019-05-01', 43636),
(66, '2019-06-01', 46296),
(67, '2019-07-01', 78171),
(68, '2019-08-01', 52000),
(69, '2019-09-01', 23914),
(70, '2019-10-01', 20763),
(71, '2019-11-01', 13218),
(72, '2019-12-01', 2600);

-- --------------------------------------------------------

--
-- Struktur dari tabel `outbox`
--

CREATE TABLE `outbox` (
  `ID` int(10) UNSIGNED NOT NULL,
  `UpdatedInDB` timestamp NOT NULL DEFAULT current_timestamp() ON UPDATE current_timestamp(),
  `InsertIntoDB` timestamp NOT NULL DEFAULT '0000-00-00 00:00:00',
  `SendingDateTime` timestamp NOT NULL DEFAULT '0000-00-00 00:00:00',
  `SendBefore` time NOT NULL DEFAULT '23:59:59',
  `SendAfter` time NOT NULL DEFAULT '00:00:00',
  `Text` text DEFAULT NULL,
  `DestinationNumber` varchar(20) NOT NULL DEFAULT '',
  `Coding` enum('Default_No_Compression','Unicode_No_Compression','8bit','Default_Compression','Unicode_Compression') NOT NULL DEFAULT 'Default_No_Compression',
  `UDH` text DEFAULT NULL,
  `Class` int(11) DEFAULT -1,
  `TextDecoded` text NOT NULL,
  `MultiPart` enum('false','true') DEFAULT 'false',
  `RelativeValidity` int(11) DEFAULT -1,
  `SenderID` varchar(255) DEFAULT NULL,
  `SendingTimeOut` timestamp NULL DEFAULT '0000-00-00 00:00:00',
  `DeliveryReport` enum('default','yes','no') DEFAULT 'default',
  `CreatorID` text NOT NULL
) ENGINE=MyISAM DEFAULT CHARSET=utf8;

--
-- Dumping data untuk tabel `outbox`
--

INSERT INTO `outbox` (`ID`, `UpdatedInDB`, `InsertIntoDB`, `SendingDateTime`, `SendBefore`, `SendAfter`, `Text`, `DestinationNumber`, `Coding`, `UDH`, `Class`, `TextDecoded`, `MultiPart`, `RelativeValidity`, `SenderID`, `SendingTimeOut`, `DeliveryReport`, `CreatorID`) VALUES
(35, '2020-06-09 08:18:04', '2020-06-09 08:18:04', '2020-06-09 08:18:04', '23:59:59', '00:00:00', NULL, '+6289509496244', 'Default_No_Compression', NULL, -1, 'dsdsds', 'false', -1, NULL, '2020-06-09 08:18:04', 'default', '');

--
-- Trigger `outbox`
--
DELIMITER $$
CREATE TRIGGER `outbox_timestamp` BEFORE INSERT ON `outbox` FOR EACH ROW BEGIN
    IF NEW.InsertIntoDB = '0000-00-00 00:00:00' THEN
        SET NEW.InsertIntoDB = CURRENT_TIMESTAMP();
    END IF;
    IF NEW.SendingDateTime = '0000-00-00 00:00:00' THEN
        SET NEW.SendingDateTime = CURRENT_TIMESTAMP();
    END IF;
    IF NEW.SendingTimeOut = '0000-00-00 00:00:00' THEN
        SET NEW.SendingTimeOut = CURRENT_TIMESTAMP();
    END IF;
END
$$
DELIMITER ;

-- --------------------------------------------------------

--
-- Struktur dari tabel `outbox_multipart`
--

CREATE TABLE `outbox_multipart` (
  `Text` text DEFAULT NULL,
  `Coding` enum('Default_No_Compression','Unicode_No_Compression','8bit','Default_Compression','Unicode_Compression') NOT NULL DEFAULT 'Default_No_Compression',
  `UDH` text DEFAULT NULL,
  `Class` int(11) DEFAULT -1,
  `TextDecoded` text DEFAULT NULL,
  `ID` int(10) UNSIGNED NOT NULL DEFAULT 0,
  `SequencePosition` int(11) NOT NULL DEFAULT 1
) ENGINE=MyISAM DEFAULT CHARSET=utf8;

-- --------------------------------------------------------

--
-- Struktur dari tabel `pbk`
--

CREATE TABLE `pbk` (
  `ID` int(11) NOT NULL,
  `GroupID` int(11) NOT NULL DEFAULT -1,
  `Name` text NOT NULL,
  `Number` text NOT NULL
) ENGINE=MyISAM DEFAULT CHARSET=utf8;

--
-- Dumping data untuk tabel `pbk`
--

INSERT INTO `pbk` (`ID`, `GroupID`, `Name`, `Number`) VALUES
(3, 2, 'Awan Pribadi', '+6285785466352'),
(4, 2, 'Sisworoso, S.pd, M.Pd', '+6285674934596'),
(5, 2, 'Drs. Pratikno', '+6281276879383'),
(6, 2, 'Candra Pratiwi, S.Hum', '+6285749422912'),
(7, 2, 'Lilis Rohani, S.Pd', '+6289646587092'),
(9, 3, 'Lilik Setyowati, S.E', '+6281235468605'),
(10, 3, 'Wiwik Pujiastuti', '+6285874834790'),
(11, 3, 'Sujono', '+6281555666777'),
(12, 3, 'Paimin', '+6285677033444');

-- --------------------------------------------------------

--
-- Struktur dari tabel `pbk_groups`
--

CREATE TABLE `pbk_groups` (
  `Name` text NOT NULL,
  `ID` int(11) NOT NULL
) ENGINE=MyISAM DEFAULT CHARSET=utf8;

--
-- Dumping data untuk tabel `pbk_groups`
--

INSERT INTO `pbk_groups` (`Name`, `ID`) VALUES
('Guru', 2),
('Karyawan', 3);

-- --------------------------------------------------------

--
-- Struktur dari tabel `phones`
--

CREATE TABLE `phones` (
  `ID` text NOT NULL,
  `UpdatedInDB` timestamp NOT NULL DEFAULT current_timestamp() ON UPDATE current_timestamp(),
  `InsertIntoDB` timestamp NOT NULL DEFAULT '0000-00-00 00:00:00',
  `TimeOut` timestamp NOT NULL DEFAULT '0000-00-00 00:00:00',
  `Send` enum('yes','no') NOT NULL DEFAULT 'no',
  `Receive` enum('yes','no') NOT NULL DEFAULT 'no',
  `IMEI` varchar(35) NOT NULL,
  `Client` text NOT NULL,
  `Battery` int(11) NOT NULL DEFAULT -1,
  `Signal` int(11) NOT NULL DEFAULT -1,
  `Sent` int(11) NOT NULL DEFAULT 0,
  `Received` int(11) NOT NULL DEFAULT 0
) ENGINE=MyISAM DEFAULT CHARSET=utf8;

--
-- Dumping data untuk tabel `phones`
--

INSERT INTO `phones` (`ID`, `UpdatedInDB`, `InsertIntoDB`, `TimeOut`, `Send`, `Receive`, `IMEI`, `Client`, `Battery`, `Signal`, `Sent`, `Received`) VALUES
('', '2016-08-29 15:44:17', '2016-08-29 14:53:54', '2016-08-29 15:44:27', 'yes', 'yes', '353907049302499', 'Gammu 1.33.0, Windows Server 2007, GCC 4.7, MinGW 3.11', 100, 24, 2, 5),
('', '2020-06-06 04:13:32', '2020-06-06 02:25:31', '2020-06-06 04:13:42', 'yes', 'yes', '353928046921032', 'Gammu 1.33.0, Windows Server 2007, GCC 4.7, MinGW 3.11', 100, 48, 0, 0);

--
-- Trigger `phones`
--
DELIMITER $$
CREATE TRIGGER `phones_timestamp` BEFORE INSERT ON `phones` FOR EACH ROW BEGIN
    IF NEW.InsertIntoDB = '0000-00-00 00:00:00' THEN
        SET NEW.InsertIntoDB = CURRENT_TIMESTAMP();
    END IF;
    IF NEW.TimeOut = '0000-00-00 00:00:00' THEN
        SET NEW.TimeOut = CURRENT_TIMESTAMP();
    END IF;
END
$$
DELIMITER ;

-- --------------------------------------------------------

--
-- Struktur dari tabel `replymessage`
--

CREATE TABLE `replymessage` (
  `id` int(11) NOT NULL,
  `messageid` int(11) UNSIGNED DEFAULT NULL
) ENGINE=InnoDB DEFAULT CHARSET=utf8mb4;

--
-- Dumping data untuk tabel `replymessage`
--

INSERT INTO `replymessage` (`id`, `messageid`) VALUES
(26, 65),
(27, 66);

-- --------------------------------------------------------

--
-- Struktur dari tabel `sentitems`
--

CREATE TABLE `sentitems` (
  `ID` int(10) UNSIGNED NOT NULL,
  `TextDecoded` text NOT NULL,
  `Class` int(11) NOT NULL DEFAULT -1,
  `UpdatedInDB` timestamp NOT NULL DEFAULT current_timestamp() ON UPDATE current_timestamp(),
  `InsertIntoDB` timestamp NOT NULL DEFAULT '0000-00-00 00:00:00',
  `SendingDateTime` timestamp NOT NULL DEFAULT '0000-00-00 00:00:00',
  `DeliveryDateTime` timestamp NULL DEFAULT NULL,
  `Text` text NOT NULL,
  `DestinationNumber` varchar(20) NOT NULL DEFAULT '',
  `Coding` enum('Default_No_Compression','Unicode_No_Compression','8bit','Default_Compression','Unicode_Compression') NOT NULL DEFAULT 'Default_No_Compression',
  `UDH` text NOT NULL,
  `SMSCNumber` varchar(20) NOT NULL DEFAULT '',
  `SenderID` varchar(255) NOT NULL,
  `SequencePosition` int(11) NOT NULL DEFAULT 1,
  `Status` enum('SendingOK','SendingOKNoReport','SendingError','DeliveryOK','DeliveryFailed','DeliveryPending','DeliveryUnknown','Error') NOT NULL DEFAULT 'SendingOK',
  `StatusError` int(11) NOT NULL DEFAULT -1,
  `TPMR` int(11) NOT NULL DEFAULT -1,
  `RelativeValidity` int(11) NOT NULL DEFAULT -1,
  `CreatorID` text NOT NULL
) ENGINE=MyISAM DEFAULT CHARSET=utf8;

--
-- Dumping data untuk tabel `sentitems`
--

INSERT INTO `sentitems` (`ID`, `TextDecoded`, `Class`, `UpdatedInDB`, `InsertIntoDB`, `SendingDateTime`, `DeliveryDateTime`, `Text`, `DestinationNumber`, `Coding`, `UDH`, `SMSCNumber`, `SenderID`, `SequencePosition`, `Status`, `StatusError`, `TPMR`, `RelativeValidity`, `CreatorID`) VALUES
(7, 'Berat badan DODIT MULYANTO adalah 52 kg.', -1, '2016-08-25 14:52:30', '2016-08-25 14:52:18', '2016-08-25 14:52:30', NULL, '0042006500720061007400200062006100640061006E00200044004F0044004900540020004D0055004C00590041004E0054004F0020006100640061006C006100680020003500320020006B0067002E', '+6285785466352', 'Default_No_Compression', '', '+62816124', '', 1, 'SendingOKNoReport', -1, 243, 255, ''),
(9, 'Tanggal lahir AGUS HARIYANTO adalah 12-04-1990.', -1, '2016-08-29 14:56:04', '2016-08-29 14:55:53', '2016-08-29 14:56:04', NULL, '00540061006E006700670061006C0020006C0061006800690072002000410047005500530020004800410052004900590041004E0054004F0020006100640061006C00610068002000310032002D00300034002D0031003900390030002E', '+6282332557253', 'Default_No_Compression', '', '+62816124', '', 1, 'SendingOKNoReport', -1, 34, 255, ''),
(10, 'adadada', -1, '2020-04-30 09:14:56', '2020-04-30 09:14:44', '2020-04-30 09:14:56', NULL, '0061006400610064006100640061', '081231779970', 'Default_No_Compression', '', '+6289644000001', '', 1, 'SendingOKNoReport', -1, 57, 255, ''),
(11, 'SMs Lahi', -1, '2020-04-30 09:16:32', '2020-04-30 09:16:21', '2020-04-30 09:16:32', NULL, '0053004D00730020004C006100680069', '081231779970', 'Default_No_Compression', '', '+6289644000001', '', 1, 'SendingOKNoReport', -1, 58, 255, ''),
(12, 'anotherr', -1, '2020-04-30 09:18:07', '2020-04-30 09:17:47', '2020-04-30 09:18:07', NULL, '0061006E006F00740068006500720072', '+6281231779970', 'Default_No_Compression', '', '+6289644000001', '', 1, 'SendingOKNoReport', -1, 59, 255, ''),
(13, 'test', -1, '2020-04-30 14:59:10', '2020-04-30 14:59:03', '2020-04-30 14:59:10', NULL, '0074006500730074', '+6283224224242', 'Default_No_Compression', '', '+6289644000001', '', 1, 'SendingOKNoReport', -1, 60, 255, ''),
(14, 'test', -1, '2020-04-30 15:00:44', '2020-04-30 15:00:20', '2020-04-30 15:00:44', NULL, '0074006500730074', '+6287662626263848128', 'Default_No_Compression', '', '+6289644000001', '', 1, 'SendingError', -1, -1, 255, ''),
(15, 'Test sms', -1, '2020-06-03 05:31:04', '2020-06-03 05:30:51', '2020-06-03 05:31:04', NULL, '005400650073007400200073006D0073', '+6281231779970', 'Default_No_Compression', '', '+6289644000001', '', 1, 'SendingOKNoReport', -1, 63, 255, ''),
(16, 'kelompok', -1, '2020-06-03 07:14:50', '2020-06-03 07:14:24', '2020-06-03 07:14:50', NULL, '006B0065006C006F006D0070006F006B', '+6289509496244', 'Default_No_Compression', '', '+6289644000001', '', 1, 'SendingOKNoReport', -1, 64, 255, ''),
(17, 'ddada', -1, '2020-06-03 07:14:54', '2020-06-03 07:14:44', '2020-06-03 07:14:54', NULL, '00640064006100640061', '+6289509496244', 'Default_No_Compression', '', '+6289644000001', '', 1, 'SendingOKNoReport', -1, 65, 255, ''),
(18, 'Prediksi Cakalang 100 Tuna 200 Tongkol 300', -1, '2020-06-04 00:22:03', '2020-06-04 00:20:27', '2020-06-04 00:22:03', NULL, '00500072006500640069006B00730069002000430061006B0061006C0061006E00670020003100300030002000540075006E0061002000320030003000200054006F006E0067006B006F006C0020003300300030', '+6289509496244', 'Default_No_Compression', '', '+6289644000001', '', 1, 'SendingOKNoReport', -1, 66, 255, ''),
(19, 'Prediksi Cakalang 100 Tuna 200 Tongkol 300', -1, '2020-06-04 00:27:37', '2020-06-04 00:27:18', '2020-06-04 00:27:37', NULL, '00500072006500640069006B00730069002000430061006B0061006C0061006E00670020003100300030002000540075006E0061002000320030003000200054006F006E0067006B006F006C0020003300300030', '+6289509496244', 'Default_No_Compression', '', '+6289644000001', '', 1, 'SendingOKNoReport', -1, 67, 255, ''),
(20, 'Again', -1, '2020-06-04 00:30:42', '2020-06-04 00:30:29', '2020-06-04 00:30:42', NULL, '0041006700610069006E', '+6289509496244', 'Default_No_Compression', '', '+6289644000001', '', 1, 'SendingOKNoReport', -1, 68, 255, ''),
(21, 'Prediksi Cakalang 100 Tuna 200 Tongkol 300', -1, '2020-06-04 00:34:47', '2020-06-04 00:34:19', '2020-06-04 00:34:47', NULL, '00500072006500640069006B00730069002000430061006B0061006C0061006E00670020003100300030002000540075006E0061002000320030003000200054006F006E0067006B006F006C0020003300300030', '+6289509496244', 'Default_No_Compression', '', '+6289644000001', '', 1, 'SendingOKNoReport', -1, 69, 255, ''),
(22, 'Prediksi Cakalang 100 Tuna 200 Tongkol 300', -1, '2020-06-04 00:36:21', '2020-06-04 00:36:00', '2020-06-04 00:36:21', NULL, '00500072006500640069006B00730069002000430061006B0061006C0061006E00670020003100300030002000540075006E0061002000320030003000200054006F006E0067006B006F006C0020003300300030', '+6289509496244', 'Default_No_Compression', '', '+6289644000001', '', 1, 'SendingOKNoReport', -1, 70, 255, ''),
(23, 'Prediksi Cakalang 100 Tuna 200 Tongkol 300', -1, '2020-06-04 00:38:55', '2020-06-04 00:38:27', '2020-06-04 00:38:55', NULL, '00500072006500640069006B00730069002000430061006B0061006C0061006E00670020003100300030002000540075006E0061002000320030003000200054006F006E0067006B006F006C0020003300300030', '+6289509496244', 'Default_No_Compression', '', '+6289644000001', '', 1, 'SendingOKNoReport', -1, 71, 255, ''),
(24, 'Prediksi Ikan Cakalang-BI Bulan ke:7 sebesar :5490.68 Bulan ke:8 sebesar :3190.31 Bulan ke:9 sebesar :3909.13', -1, '2020-06-05 23:36:11', '2020-06-05 23:34:51', '2020-06-05 23:36:11', NULL, '00500072006500640069006B0073006900200049006B0061006E002000430061006B0061006C0061006E0067002D00420049002000420075006C0061006E0020006B0065003A0037002000730065006200650073006100720020003A0035003400390030002E00360038002000420075006C0061006E0020006B0065003A0038002000730065006200650073006100720020003A0033003100390030002E00330031002000420075006C0061006E0020006B0065003A0039002000730065006200650073006100720020003A0033003900300039002E00310033', '+6289509496244', 'Default_No_Compression', '', '+002B003600320038003', '', 1, 'SendingError', -1, -1, 255, ''),
(25, 'Prediksi Alat Ikan Cakalang-BI Pursu : 213543 Gillnet : 33556.8 Klithik : 30506.2 Pancing lain : 33556.8 Rawai Hanyut : 33556.8 Rawai Tetap : 33556.8', -1, '2020-06-05 23:36:13', '2020-06-05 23:34:51', '2020-06-05 23:36:13', NULL, '00500072006500640069006B0073006900200041006C0061007400200049006B0061006E002000430061006B0061006C0061006E0067002D004200490020005000750072007300750020003A0020003200310033003500340033002000470069006C006C006E006500740020003A002000330033003500350036002E00380020004B006C0069007400680069006B0020003A002000330030003500300036002E0032002000500061006E00630069006E00670020006C00610069006E0020003A002000330033003500350036002E0038002000520061007700610069002000480061006E0079007500740020003A002000330033003500350036002E00380020005200610077006100690020005400650074006100700020003A002000330033003500350036002E0038', '+6289509496244', 'Default_No_Compression', '', '+002B003600320038003', '', 1, 'SendingError', -1, -1, 255, ''),
(27, 'Prediksi Alat Ikan Cakalang-BI Pursu : 213543 Gillnet : 33556.8 Klithik : 30506.2 Pancing lain : 33556.8 Rawai Hanyut : 33556.8 Rawai Tetap : 33556.8', -1, '2020-06-05 23:38:15', '2020-06-05 23:37:59', '2020-06-05 23:38:15', NULL, '00500072006500640069006B0073006900200041006C0061007400200049006B0061006E002000430061006B0061006C0061006E0067002D004200490020005000750072007300750020003A0020003200310033003500340033002000470069006C006C006E006500740020003A002000330033003500350036002E00380020004B006C0069007400680069006B0020003A002000330030003500300036002E0032002000500061006E00630069006E00670020006C00610069006E0020003A002000330033003500350036002E0038002000520061007700610069002000480061006E0079007500740020003A002000330033003500350036002E00380020005200610077006100690020005400650074006100700020003A002000330033003500350036002E0038', '+6289509496244', 'Default_No_Compression', '', '+002B003600320038003', '', 1, 'SendingError', -1, -1, 255, ''),
(26, 'Prediksi Ikan Cakalang-BI Bulan ke:7 sebesar :5490.68 Bulan ke:8 sebesar :3190.31 Bulan ke:9 sebesar :3909.13', -1, '2020-06-05 23:38:17', '2020-06-05 23:37:59', '2020-06-05 23:38:17', NULL, '00500072006500640069006B0073006900200049006B0061006E002000430061006B0061006C0061006E0067002D00420049002000420075006C0061006E0020006B0065003A0037002000730065006200650073006100720020003A0035003400390030002E00360038002000420075006C0061006E0020006B0065003A0038002000730065006200650073006100720020003A0033003100390030002E00330031002000420075006C0061006E0020006B0065003A0039002000730065006200650073006100720020003A0033003900300039002E00310033', '+6289509496244', 'Default_No_Compression', '', '+002B003600320038003', '', 1, 'SendingError', -1, -1, 255, ''),
(28, 'korona', -1, '2020-06-05 23:43:19', '2020-06-05 23:42:53', '2020-06-05 23:43:19', NULL, '006B006F0072006F006E0061', '+6289509496244', 'Default_No_Compression', '', '+002B003600320038003', '', 1, 'SendingError', -1, -1, 255, ''),
(29, 'Prediksi Ikan Cakalang-BI Bulan ke:7 sebesar :5490.68 Bulan ke:8 sebesar :3190.31 Bulan ke:9 sebesar :3909.13', -1, '2020-06-05 23:47:39', '2020-06-05 23:47:09', '2020-06-05 23:47:39', NULL, '00500072006500640069006B0073006900200049006B0061006E002000430061006B0061006C0061006E0067002D00420049002000420075006C0061006E0020006B0065003A0037002000730065006200650073006100720020003A0035003400390030002E00360038002000420075006C0061006E0020006B0065003A0038002000730065006200650073006100720020003A0033003100390030002E00330031002000420075006C0061006E0020006B0065003A0039002000730065006200650073006100720020003A0033003900300039002E00310033', '+6289509496244', 'Default_No_Compression', '', '+6289644000001', '', 1, 'SendingOKNoReport', -1, 73, 255, ''),
(30, 'Prediksi Alat Ikan Cakalang-BI Pursu : 213543 Gillnet : 33556.8 Klithik : 30506.2 Pancing lain : 33556.8 Rawai Hanyut : 33556.8 Rawai Tetap : 33556.8', -1, '2020-06-05 23:47:43', '2020-06-05 23:47:09', '2020-06-05 23:47:43', NULL, '00500072006500640069006B0073006900200041006C0061007400200049006B0061006E002000430061006B0061006C0061006E0067002D004200490020005000750072007300750020003A0020003200310033003500340033002000470069006C006C006E006500740020003A002000330033003500350036002E00380020004B006C0069007400680069006B0020003A002000330030003500300036002E0032002000500061006E00630069006E00670020006C00610069006E0020003A002000330033003500350036002E0038002000520061007700610069002000480061006E0079007500740020003A002000330033003500350036002E00380020005200610077006100690020005400650074006100700020003A002000330033003500350036002E0038', '+6289509496244', 'Default_No_Compression', '', '+6289644000001', '', 1, 'SendingOKNoReport', -1, 74, 255, ''),
(32, 'Prediksi Alat Ikan Cakalang-BI Pursu : 213543 Gillnet : 33556.8 Klithik : 30506.2 Pancing lain : 33556.8 Rawai Hanyut : 33556.8 Rawai Tetap : 33556.8', -1, '2020-06-06 01:21:18', '2020-06-06 01:21:11', '2020-06-06 01:21:18', NULL, '00500072006500640069006B0073006900200041006C0061007400200049006B0061006E002000430061006B0061006C0061006E0067002D004200490020005000750072007300750020003A0020003200310033003500340033002000470069006C006C006E006500740020003A002000330033003500350036002E00380020004B006C0069007400680069006B0020003A002000330030003500300036002E0032002000500061006E00630069006E00670020006C00610069006E0020003A002000330033003500350036002E0038002000520061007700610069002000480061006E0079007500740020003A002000330033003500350036002E00380020005200610077006100690020005400650074006100700020003A002000330033003500350036002E0038', '+6289509496244', 'Default_No_Compression', '', '+6289644000001', '', 1, 'SendingOKNoReport', -1, 75, 255, ''),
(31, 'Prediksi Ikan Cakalang-BI Bulan ke:7 sebesar :5490.68 Bulan ke:8 sebesar :3190.31 Bulan ke:9 sebesar :3909.13', -1, '2020-06-06 01:21:22', '2020-06-06 01:21:11', '2020-06-06 01:21:22', NULL, '00500072006500640069006B0073006900200049006B0061006E002000430061006B0061006C0061006E0067002D00420049002000420075006C0061006E0020006B0065003A0037002000730065006200650073006100720020003A0035003400390030002E00360038002000420075006C0061006E0020006B0065003A0038002000730065006200650073006100720020003A0033003100390030002E00330031002000420075006C0061006E0020006B0065003A0039002000730065006200650073006100720020003A0033003900300039002E00310033', '+6289509496244', 'Default_No_Compression', '', '+6289644000001', '', 1, 'SendingOKNoReport', -1, 76, 255, ''),
(33, 'Prediksi Ikan Tuna Bulan ke:7 sebesar :1754.78 Bulan ke:8 sebesar :1412.05 Bulan ke:9 sebesar :694.6', -1, '2020-06-06 01:29:27', '2020-06-06 01:29:22', '2020-06-06 01:29:27', NULL, '00500072006500640069006B0073006900200049006B0061006E002000540075006E0061002000420075006C0061006E0020006B0065003A0037002000730065006200650073006100720020003A0031003700350034002E00370038002000420075006C0061006E0020006B0065003A0038002000730065006200650073006100720020003A0031003400310032002E00300035002000420075006C0061006E0020006B0065003A0039002000730065006200650073006100720020003A003600390034002E0036', '+6289509496244', 'Default_No_Compression', '', '+6289644000001', '', 1, 'SendingOKNoReport', -1, 77, 255, ''),
(34, 'Prediksi Alat Ikan Tuna Pursu : 105388.9 Pancing Ulur : 0', -1, '2020-06-06 01:29:31', '2020-06-06 01:29:22', '2020-06-06 01:29:31', NULL, '00500072006500640069006B0073006900200041006C0061007400200049006B0061006E002000540075006E00610020005000750072007300750020003A0020003100300035003300380038002E0039002000500061006E00630069006E006700200055006C007500720020003A00200030', '+6289509496244', 'Default_No_Compression', '', '+6289644000001', '', 1, 'SendingOKNoReport', -1, 78, 255, '');

--
-- Trigger `sentitems`
--
DELIMITER $$
CREATE TRIGGER `sentitems_timestamp` BEFORE INSERT ON `sentitems` FOR EACH ROW BEGIN
    IF NEW.InsertIntoDB = '0000-00-00 00:00:00' THEN
        SET NEW.InsertIntoDB = CURRENT_TIMESTAMP();
    END IF;
    IF NEW.SendingDateTime = '0000-00-00 00:00:00' THEN
        SET NEW.SendingDateTime = CURRENT_TIMESTAMP();
    END IF;
END
$$
DELIMITER ;

--
-- Indexes for dumped tables
--

--
-- Indeks untuk tabel `admin`
--
ALTER TABLE `admin`
  ADD PRIMARY KEY (`IDAdmin`);

--
-- Indeks untuk tabel `alattangkap`
--
ALTER TABLE `alattangkap`
  ADD PRIMARY KEY (`IDAlatTangkap`);

--
-- Indeks untuk tabel `datatangkapanikan`
--
ALTER TABLE `datatangkapanikan`
  ADD PRIMARY KEY (`IDDataTangkapanIkan`),
  ADD KEY `IDKecamatan` (`IDKecamatan`),
  ADD KEY `IDIkan` (`IDIkan`);

--
-- Indeks untuk tabel `datatangkapanikanperalat`
--
ALTER TABLE `datatangkapanikanperalat`
  ADD KEY `IDIkan` (`IDIkan`),
  ADD KEY `IDAlatTangkap` (`IDAlatTangkap`);

--
-- Indeks untuk tabel `desa`
--
ALTER TABLE `desa`
  ADD PRIMARY KEY (`IDDesa`);

--
-- Indeks untuk tabel `inbox`
--
ALTER TABLE `inbox`
  ADD PRIMARY KEY (`ID`);

--
-- Indeks untuk tabel `jenisikan`
--
ALTER TABLE `jenisikan`
  ADD PRIMARY KEY (`IDIkan`);

--
-- Indeks untuk tabel `kecamatan`
--
ALTER TABLE `kecamatan`
  ADD PRIMARY KEY (`IDKecamatan`);

--
-- Indeks untuk tabel `kelompoknelayan`
--
ALTER TABLE `kelompoknelayan`
  ADD PRIMARY KEY (`IDKelompok`),
  ADD KEY `IDDesa` (`IDDesa`),
  ADD KEY `IDKecamatan` (`IDKecamatan`);

--
-- Indeks untuk tabel `latih`
--
ALTER TABLE `latih`
  ADD PRIMARY KEY (`Id`);

--
-- Indeks untuk tabel `outbox`
--
ALTER TABLE `outbox`
  ADD PRIMARY KEY (`ID`),
  ADD KEY `outbox_date` (`SendingDateTime`,`SendingTimeOut`),
  ADD KEY `outbox_sender` (`SenderID`);

--
-- Indeks untuk tabel `outbox_multipart`
--
ALTER TABLE `outbox_multipart`
  ADD PRIMARY KEY (`ID`,`SequencePosition`);

--
-- Indeks untuk tabel `pbk`
--
ALTER TABLE `pbk`
  ADD PRIMARY KEY (`ID`);

--
-- Indeks untuk tabel `pbk_groups`
--
ALTER TABLE `pbk_groups`
  ADD PRIMARY KEY (`ID`);

--
-- Indeks untuk tabel `phones`
--
ALTER TABLE `phones`
  ADD PRIMARY KEY (`IMEI`);

--
-- Indeks untuk tabel `replymessage`
--
ALTER TABLE `replymessage`
  ADD PRIMARY KEY (`id`);

--
-- Indeks untuk tabel `sentitems`
--
ALTER TABLE `sentitems`
  ADD PRIMARY KEY (`ID`,`SequencePosition`),
  ADD KEY `sentitems_date` (`DeliveryDateTime`),
  ADD KEY `sentitems_tpmr` (`TPMR`),
  ADD KEY `sentitems_dest` (`DestinationNumber`),
  ADD KEY `sentitems_sender` (`SenderID`);

--
-- AUTO_INCREMENT untuk tabel yang dibuang
--

--
-- AUTO_INCREMENT untuk tabel `admin`
--
ALTER TABLE `admin`
  MODIFY `IDAdmin` int(11) NOT NULL AUTO_INCREMENT, AUTO_INCREMENT=2;

--
-- AUTO_INCREMENT untuk tabel `alattangkap`
--
ALTER TABLE `alattangkap`
  MODIFY `IDAlatTangkap` int(11) NOT NULL AUTO_INCREMENT, AUTO_INCREMENT=9;

--
-- AUTO_INCREMENT untuk tabel `datatangkapanikan`
--
ALTER TABLE `datatangkapanikan`
  MODIFY `IDDataTangkapanIkan` int(11) NOT NULL AUTO_INCREMENT, AUTO_INCREMENT=5159;

--
-- AUTO_INCREMENT untuk tabel `desa`
--
ALTER TABLE `desa`
  MODIFY `IDDesa` int(11) NOT NULL AUTO_INCREMENT, AUTO_INCREMENT=13;

--
-- AUTO_INCREMENT untuk tabel `inbox`
--
ALTER TABLE `inbox`
  MODIFY `ID` int(10) UNSIGNED NOT NULL AUTO_INCREMENT, AUTO_INCREMENT=67;

--
-- AUTO_INCREMENT untuk tabel `jenisikan`
--
ALTER TABLE `jenisikan`
  MODIFY `IDIkan` int(11) NOT NULL AUTO_INCREMENT, AUTO_INCREMENT=21;

--
-- AUTO_INCREMENT untuk tabel `kecamatan`
--
ALTER TABLE `kecamatan`
  MODIFY `IDKecamatan` int(11) NOT NULL AUTO_INCREMENT, AUTO_INCREMENT=18;

--
-- AUTO_INCREMENT untuk tabel `kelompoknelayan`
--
ALTER TABLE `kelompoknelayan`
  MODIFY `IDKelompok` int(11) NOT NULL AUTO_INCREMENT, AUTO_INCREMENT=20;

--
-- AUTO_INCREMENT untuk tabel `latih`
--
ALTER TABLE `latih`
  MODIFY `Id` int(11) NOT NULL AUTO_INCREMENT, AUTO_INCREMENT=73;

--
-- AUTO_INCREMENT untuk tabel `outbox`
--
ALTER TABLE `outbox`
  MODIFY `ID` int(10) UNSIGNED NOT NULL AUTO_INCREMENT, AUTO_INCREMENT=36;

--
-- AUTO_INCREMENT untuk tabel `pbk`
--
ALTER TABLE `pbk`
  MODIFY `ID` int(11) NOT NULL AUTO_INCREMENT, AUTO_INCREMENT=13;

--
-- AUTO_INCREMENT untuk tabel `pbk_groups`
--
ALTER TABLE `pbk_groups`
  MODIFY `ID` int(11) NOT NULL AUTO_INCREMENT, AUTO_INCREMENT=4;

--
-- AUTO_INCREMENT untuk tabel `replymessage`
--
ALTER TABLE `replymessage`
  MODIFY `id` int(11) NOT NULL AUTO_INCREMENT, AUTO_INCREMENT=28;

--
-- Ketidakleluasaan untuk tabel pelimpahan (Dumped Tables)
--

--
-- Ketidakleluasaan untuk tabel `datatangkapanikan`
--
ALTER TABLE `datatangkapanikan`
  ADD CONSTRAINT `datatangkapanikan_ibfk_1` FOREIGN KEY (`IDKecamatan`) REFERENCES `kecamatan` (`IDKecamatan`),
  ADD CONSTRAINT `datatangkapanikan_ibfk_2` FOREIGN KEY (`IDIkan`) REFERENCES `jenisikan` (`IDIkan`);

--
-- Ketidakleluasaan untuk tabel `datatangkapanikanperalat`
--
ALTER TABLE `datatangkapanikanperalat`
  ADD CONSTRAINT `datatangkapanikanperalat_ibfk_2` FOREIGN KEY (`IDIkan`) REFERENCES `jenisikan` (`IDIkan`),
  ADD CONSTRAINT `datatangkapanikanperalat_ibfk_3` FOREIGN KEY (`IDAlatTangkap`) REFERENCES `alattangkap` (`IDAlatTangkap`);

--
-- Ketidakleluasaan untuk tabel `kelompoknelayan`
--
ALTER TABLE `kelompoknelayan`
  ADD CONSTRAINT `kelompoknelayan_ibfk_1` FOREIGN KEY (`IDDesa`) REFERENCES `desa` (`IDDesa`),
  ADD CONSTRAINT `kelompoknelayan_ibfk_2` FOREIGN KEY (`IDKecamatan`) REFERENCES `kecamatan` (`IDKecamatan`);
COMMIT;

/*!40101 SET CHARACTER_SET_CLIENT=@OLD_CHARACTER_SET_CLIENT */;
/*!40101 SET CHARACTER_SET_RESULTS=@OLD_CHARACTER_SET_RESULTS */;
/*!40101 SET COLLATION_CONNECTION=@OLD_COLLATION_CONNECTION */;
