# Host: localhost  (Version 5.5.5-10.4.8-MariaDB)
# Date: 2020-05-27 10:20:21
# Generator: MySQL-Front 6.0  (Build 2.20)


#
# Structure for table "admin"
#

DROP TABLE IF EXISTS `admin`;
CREATE TABLE `admin` (
  `IDAdmin` int(11) NOT NULL AUTO_INCREMENT,
  `username` varchar(255) DEFAULT NULL,
  `name` varchar(255) DEFAULT NULL,
  `password` varchar(255) DEFAULT NULL,
  PRIMARY KEY (`IDAdmin`)
) ENGINE=InnoDB AUTO_INCREMENT=2 DEFAULT CHARSET=utf8mb4;

#
# Data for table "admin"
#

INSERT INTO `admin` VALUES (1,'admin','Admin','21232f297a57a5a743894a0e4a801fc3');

#
# Structure for table "alattangkap"
#

DROP TABLE IF EXISTS `alattangkap`;
CREATE TABLE `alattangkap` (
  `IDAlatTangkap` int(11) NOT NULL AUTO_INCREMENT,
  `NamaAlatTangkap` varchar(255) DEFAULT NULL,
  `Jaring Pantai` varchar(255) DEFAULT NULL,
  PRIMARY KEY (`IDAlatTangkap`)
) ENGINE=InnoDB AUTO_INCREMENT=9 DEFAULT CHARSET=utf8mb4;

#
# Data for table "alattangkap"
#

INSERT INTO `alattangkap` VALUES (1,'Pursu seine',NULL),(2,'Gillnet',NULL),(3,'Pancing Ulur',NULL),(4,'Klithik',NULL),(5,'Pancing lain',NULL),(6,'Jaring pantai',NULL),(7,'Rawai hanyut',NULL),(8,'Rawai tetap',NULL);

#
# Structure for table "daemons"
#

DROP TABLE IF EXISTS `daemons`;
CREATE TABLE `daemons` (
  `Start` text NOT NULL,
  `Info` text NOT NULL
) ENGINE=MyISAM DEFAULT CHARSET=utf8;

#
# Data for table "daemons"
#


#
# Structure for table "desa"
#

DROP TABLE IF EXISTS `desa`;
CREATE TABLE `desa` (
  `IDDesa` int(11) NOT NULL AUTO_INCREMENT,
  `NamaDesa` varchar(255) DEFAULT NULL,
  PRIMARY KEY (`IDDesa`)
) ENGINE=InnoDB AUTO_INCREMENT=13 DEFAULT CHARSET=utf8mb4;

#
# Data for table "desa"
#

INSERT INTO `desa` VALUES (1,'Kedung Salam'),(2,'Sumber Bening'),(3,'Srigonco'),(4,'Tumpak Rejo'),(5,'Gajah Rejo'),(6,'Tambak Rejo'),(7,'Sido Astri'),(8,'Balearjo'),(9,'Purwodadi'),(10,'Pujiharjo'),(11,'Lebok Harjo');

#
# Structure for table "gammu"
#

DROP TABLE IF EXISTS `gammu`;
CREATE TABLE `gammu` (
  `Version` int(11) NOT NULL DEFAULT 0
) ENGINE=MyISAM DEFAULT CHARSET=utf8;

#
# Data for table "gammu"
#

/*!40000 ALTER TABLE `gammu` DISABLE KEYS */;
INSERT INTO `gammu` VALUES (13);
/*!40000 ALTER TABLE `gammu` ENABLE KEYS */;

#
# Structure for table "inbox"
#

DROP TABLE IF EXISTS `inbox`;
CREATE TABLE `inbox` (
  `ID` int(10) unsigned NOT NULL AUTO_INCREMENT,
  `SenderNumber` varchar(20) NOT NULL DEFAULT '',
  `TextDecoded` text NOT NULL,
  `UpdatedInDB` timestamp NOT NULL DEFAULT current_timestamp() ON UPDATE current_timestamp(),
  `ReceivingDateTime` timestamp NOT NULL DEFAULT '0000-00-00 00:00:00',
  `Text` text NOT NULL,
  `Coding` enum('Default_No_Compression','Unicode_No_Compression','8bit','Default_Compression','Unicode_Compression') NOT NULL DEFAULT 'Default_No_Compression',
  `UDH` text NOT NULL,
  `SMSCNumber` varchar(20) NOT NULL DEFAULT '',
  `Class` int(11) NOT NULL DEFAULT -1,
  `RecipientID` text NOT NULL,
  `Processed` enum('false','true') NOT NULL DEFAULT 'false',
  PRIMARY KEY (`ID`)
) ENGINE=MyISAM AUTO_INCREMENT=46 DEFAULT CHARSET=utf8;

#
# Data for table "inbox"
#

/*!40000 ALTER TABLE `inbox` DISABLE KEYS */;
INSERT INTO `inbox` VALUES (2,'+6285655466927','Mohon informasi pelaksanaan rapat Dewan Guru','2016-08-25 02:20:17','2016-08-03 19:44:13','0074006500730020006400610072006900200074006900770069','Default_No_Compression','','+62816124',-1,'','false'),(29,'+6285785466352','Operator Sms Gateway Mohon Ke Ruang Guru','2016-08-25 02:24:13','2016-08-25 02:24:01','004F00700065007200610074006F007200200053006D0073002000470061007400650077006100790020004D006F0068006F006E0020004B00650020005200750061006E006700200047007500720075','Default_No_Compression','','+62816124',-1,'','false'),(30,'+6289646587092','Mohon ijin tidak mengajar, karena sakit. Terima kasih.','2016-08-25 02:27:19','2016-08-25 02:24:01','004F00700065007200610074006F007200200053006D0073002000470061007400650077006100790020004D006F0068006F006E0020004B00650020005200750061006E006700200047007500720075','Default_No_Compression','','+62816124',-1,'','false'),(31,'+6281276879383','Minta tolong kepada Guru Piket untuk memberikan tugas Sejarah pada kelas X-1 pada jam ke-6.','2016-08-25 02:27:19','2016-08-25 02:24:01','004F00700065007200610074006F007200200053006D0073002000470061007400650077006100790020004D006F0068006F006E0020004B00650020005200750061006E006700200047007500720075','Default_No_Compression','','+62816124',-1,'','false'),(32,'+6281895689093','Mohon ijin untuk anak kami Rahma Widyasari kelas XI IPA - 3 untuk tidak hadir karena sakit.','2016-08-25 02:31:36','2016-08-25 02:24:01','004F00700065007200610074006F007200200053006D0073002000470061007400650077006100790020004D006F0068006F006E0020004B00650020005200750061006E006700200047007500720075','Default_No_Compression','','+62816124',-1,'','false'),(33,'+6281995386839','Mohon informasi kehadiran putra kami Rizal Ramadhan kelas XII IPS - 2 pada hari ini.','2016-08-25 02:31:36','2016-08-25 02:24:01','004F00700065007200610074006F007200200053006D0073002000470061007400650077006100790020004D006F0068006F006E0020004B00650020005200750061006E006700200047007500720075','Default_No_Compression','','+62816124',-1,'','false'),(41,'3Topup','Terima kasih, permintaan isi ulang akan diproses. Tunggu notifikasi selanjutnya untuk memastikan permintaan Anda sdh sukses.','2020-04-30 09:43:27','2020-04-23 18:46:44','0054006500720069006D00610020006B0061007300690068002C0020007000650072006D0069006E007400610061006E002000690073006900200075006C0061006E006700200061006B0061006E00200064006900700072006F007300650073002E002000540075006E0067006700750020006E006F0074006900660069006B006100730069002000730065006C0061006E006A00750074006E0079006100200075006E00740075006B0020006D0065006D0061007300740069006B0061006E0020007000650072006D0069006E007400610061006E00200041006E006400610020007300640068002000730075006B007300650073002E','Default_No_Compression','','+628964018395',-1,'','false'),(42,'123','Selamat datang di bima+, Akses Serunya Hidup! Masukkan kode berikut 615021 untuk login ke bima+. Kode berlaku selama 5 menit.','2020-04-30 09:43:28','2020-04-29 06:04:24','00530065006C0061006D0061007400200064006100740061006E0067002000640069002000620069006D0061002B002C00200041006B00730065007300200053006500720075006E0079006100200048006900640075007000210020004D006100730075006B006B0061006E0020006B006F0064006500200062006500720069006B00750074002000360031003500300032003100200075006E00740075006B0020006C006F00670069006E0020006B0065002000620069006D0061002B002E0020004B006F006400650020006200650072006C0061006B0075002000730065006C0061006D0061002000350020006D0065006E00690074002E','Default_No_Compression','','+628964018096',-1,'','false'),(43,'123','Selamat datang di bima+, Akses Serunya Hidup! Masukkan kode berikut 163383 untuk login ke bima+. Kode berlaku selama 5 menit.','2020-04-30 09:43:28','2020-04-29 06:05:41','00530065006C0061006D0061007400200064006100740061006E0067002000640069002000620069006D0061002B002C00200041006B00730065007300200053006500720075006E0079006100200048006900640075007000210020004D006100730075006B006B0061006E0020006B006F0064006500200062006500720069006B00750074002000310036003300330038003300200075006E00740075006B0020006C006F00670069006E0020006B0065002000620069006D0061002B002E0020004B006F006400650020006200650072006C0061006B0075002000730065006C0061006D0061002000350020006D0065006E00690074002E','Default_No_Compression','','+628964018397',-1,'','false'),(44,'3','Ngabuburit sambil streamingan Film? Bisa! Isi pulsa 20K langsung bisa akses KlikFilm premium 3hr untuk nonton film favorit dari HP mu. SK berlaku, Info: ','2020-04-30 09:43:28','2020-04-29 09:16:59','004E006700610062007500620075007200690074002000730061006D00620069006C002000730074007200650061006D0069006E00670061006E002000460069006C006D003F0020004200690073006100210020004900730069002000700075006C00730061002000320030004B0020006C0061006E006700730075006E00670020006200690073006100200061006B0073006500730020004B006C0069006B00460069006C006D0020007000720065006D00690075006D002000330068007200200075006E00740075006B0020006E006F006E0074006F006E002000660069006C006D0020006600610076006F007200690074002000640061007200690020004800500020006D0075002E00200053004B0020006200650072006C0061006B0075002C00200049006E0066006F003A0020','Default_No_Compression','050003C00201','+628964018396',-1,'','false'),(45,'3','https://tri.co.id/KlikFilm-Premium','2020-04-30 09:43:28','2020-04-29 09:16:59','00680074007400700073003A002F002F007400720069002E0063006F002E00690064002F004B006C0069006B00460069006C006D002D005000720065006D00690075006D','Default_No_Compression','050003C00202','+628964018396',-1,'','false');
/*!40000 ALTER TABLE `inbox` ENABLE KEYS */;

#
# Structure for table "jenisikan"
#

DROP TABLE IF EXISTS `jenisikan`;
CREATE TABLE `jenisikan` (
  `IDIkan` int(11) NOT NULL AUTO_INCREMENT,
  `NamaIkan` varchar(255) DEFAULT NULL,
  PRIMARY KEY (`IDIkan`)
) ENGINE=InnoDB AUTO_INCREMENT=21 DEFAULT CHARSET=utf8mb4;

#
# Data for table "jenisikan"
#

INSERT INTO `jenisikan` VALUES (1,'Tuna'),(2,'BKK/BKB'),(3,'Cakalang/BI'),(4,'Tongkol'),(5,'Albakora'),(6,'Selar'),(7,'Lemuru'),(8,'Ekor Merah'),(9,'Salem'),(10,'Layur'),(11,'Layang'),(12,'Layang Kecil/Rck'),(13,'Tompek'),(14,'Lauro'),(15,'Teri/Ssk/Rck'),(16,'Cumi-cumi'),(17,'Marlin/Tumbuk'),(18,'Tengiri'),(19,'Kembung'),(20,'Lobster');

#
# Structure for table "datatangkapanikanperalat"
#

DROP TABLE IF EXISTS `datatangkapanikanperalat`;
CREATE TABLE `datatangkapanikanperalat` (
  `Bulan` int(11) DEFAULT NULL,
  `Tahun` int(11) DEFAULT NULL,
  `IDAlatTangkap` int(11) DEFAULT NULL,
  `IDIkan` int(11) DEFAULT NULL,
  `JumlahTangkapan` float DEFAULT NULL,
  KEY `IDAlatTangkap` (`IDAlatTangkap`),
  KEY `IDIkan` (`IDIkan`),
  CONSTRAINT `datatangkapanikanperalat_ibfk_2` FOREIGN KEY (`IDIkan`) REFERENCES `jenisikan` (`IDIkan`)
) ENGINE=InnoDB DEFAULT CHARSET=utf8mb4;

#
# Data for table "datatangkapanikanperalat"
#

INSERT INTO `datatangkapanikanperalat` VALUES (1,2015,1,3,2085.44),(1,2015,1,4,22524.9),(1,2015,1,1,0),(1,2015,2,3,327.712),(1,2015,2,4,4826.76),(1,2015,2,1,0),(1,2015,3,3,0),(1,2015,3,4,0),(1,2015,3,1,0),(1,2015,4,3,297.92),(1,2015,4,4,3217.84),(1,2015,4,1,0),(1,2015,5,3,178.752),(1,2015,5,4,482.676),(1,2015,5,1,0),(1,2015,6,3,0),(1,2015,6,4,0),(1,2015,6,1,0),(1,2015,7,3,29.792),(1,2015,7,4,482.676),(1,2015,7,1,0),(1,2015,8,3,59.584),(1,2015,8,4,643.568),(1,2015,8,1,0),(2,2015,1,3,5778.85),(2,2015,1,4,16371),(2,2015,1,1,0),(2,2015,2,3,908.105),(2,2015,2,4,3508.06),(2,2015,2,1,0),(2,2015,3,3,0),(2,2015,3,4,0),(2,2015,3,1,0),(2,2015,4,3,825.55),(2,2015,4,4,2338.71),(2,2015,4,1,0),(2,2015,5,3,495.33),(2,2015,5,4,350.806),(2,2015,5,1,0),(2,2015,6,3,0),(2,2015,6,4,0),(2,2015,6,1,0),(2,2015,7,3,82.555),(2,2015,7,4,350.806),(2,2015,7,1,0),(2,2015,8,3,165.11),(2,2015,8,4,467.742),(2,2015,8,1,0),(3,2015,1,3,48342.8),(3,2015,1,4,6208.44),(3,2015,1,1,0),(3,2015,2,3,7596.73),(3,2015,2,4,1330.38),(3,2015,2,1,0),(3,2015,3,3,0),(3,2015,3,4,0),(3,2015,3,1,790.4),(3,2015,4,3,6906.12),(3,2015,4,4,886.92),(3,2015,4,1,0),(3,2015,5,3,4143.67),(3,2015,5,4,133.038),(3,2015,5,1,0),(3,2015,6,3,0),(3,2015,6,4,0),(3,2015,6,1,0),(3,2015,7,3,690.612),(3,2015,7,4,133.038),(3,2015,7,1,0),(3,2015,8,3,1381.22),(3,2015,8,4,177.384),(3,2015,8,1,0),(4,2015,1,3,84056),(4,2015,1,4,38240.2),(4,2015,1,1,0),(4,2015,2,3,13208.8),(4,2015,2,4,8194.32),(4,2015,2,1,0),(4,2015,3,3,0),(4,2015,3,4,0),(4,2015,3,1,125940),(4,2015,4,3,12008),(4,2015,4,4,5462.88),(4,2015,4,1,0),(4,2015,5,3,7204.8),(4,2015,5,4,819.432),(4,2015,5,1,0),(4,2015,6,3,0),(4,2015,6,4,0),(4,2015,6,1,0),(4,2015,7,3,1200.8),(4,2015,7,4,819.432),(4,2015,7,1,0),(4,2015,8,3,2401.6),(4,2015,8,4,1092.58),(4,2015,8,1,0),(5,2015,1,3,151601),(5,2015,1,4,126024),(5,2015,1,1,0),(5,2015,2,3,23823.1),(5,2015,2,4,27005.2),(5,2015,2,1,0),(5,2015,3,3,0),(5,2015,3,4,0),(5,2015,3,1,506384),(5,2015,4,3,21657.3),(5,2015,4,4,18003.4),(5,2015,4,1,0),(5,2015,5,3,12994.4),(5,2015,5,4,2700.52),(5,2015,5,1,0),(5,2015,6,3,0),(5,2015,6,4,0),(5,2015,6,1,0),(5,2015,7,3,2165.73),(5,2015,7,4,2700.52),(5,2015,7,1,0),(5,2015,8,3,4331.47),(5,2015,8,4,3600.69),(5,2015,8,1,0),(6,2015,1,3,842289),(6,2015,1,4,231657),(6,2015,1,1,0),(6,2015,2,3,132360),(6,2015,2,4,49640.9),(6,2015,2,1,0),(6,2015,3,3,0),(6,2015,3,4,0),(6,2015,3,1,537210),(6,2015,4,3,120327),(6,2015,4,4,33093.9),(6,2015,4,1,0),(6,2015,5,3,72196.2),(6,2015,5,4,4964.09),(6,2015,5,1,0),(6,2015,6,3,0),(6,2015,6,4,0),(6,2015,6,1,0),(6,2015,7,3,12032.7),(6,2015,7,4,4964.09),(6,2015,7,1,0),(6,2015,8,3,24065.4),(6,2015,8,4,6618.78),(6,2015,8,1,0),(1,2014,1,3,4851.84),(1,2014,1,4,13914.5),(1,2014,1,1,0),(1,2014,2,3,762.43),(1,2014,2,4,2981.67),(1,2014,2,1,0),(1,2014,3,3,0),(1,2014,3,4,0),(1,2014,3,1,176.7),(1,2014,4,3,693.12),(1,2014,4,4,1987.78),(1,2014,4,1,0),(1,2014,5,3,415.87),(1,2014,5,4,298.17),(1,2014,5,1,0),(1,2014,6,3,0),(1,2014,6,4,0),(1,2014,6,1,0),(1,2014,7,3,69.31),(1,2014,7,4,298.17),(1,2014,7,1,0),(1,2014,8,3,138.62),(1,2014,8,4,397.56),(1,2014,8,1,0),(2,2014,1,3,4224.08),(2,2014,1,4,5836.04),(2,2014,1,1,0),(2,2014,2,3,663.78),(2,2014,2,4,1250.58),(2,2014,2,1,0),(2,2014,3,3,0),(2,2014,3,4,0),(2,2014,3,1,53.2),(2,2014,4,3,603.44),(2,2014,4,4,833.72),(2,2014,4,1,0),(2,2014,5,3,362.06),(2,2014,5,4,125.06),(2,2014,5,1,0),(2,2014,6,3,0),(2,2014,6,4,0),(2,2014,6,1,0),(2,2014,7,3,60.34),(2,2014,7,4,125.06),(2,2014,7,1,0),(2,2014,8,3,120.69),(2,2014,8,4,166.74),(2,2014,8,1,0),(3,2014,1,3,42988.3),(3,2014,1,4,81803),(3,2014,1,1,0),(3,2014,2,3,6755.3),(3,2014,2,4,17529.2),(3,2014,2,1,0),(3,2014,3,3,0),(3,2014,3,4,0),(3,2014,3,1,23280.7),(3,2014,4,3,6141.18),(3,2014,4,4,11686.1),(3,2014,4,1,0),(3,2014,5,3,3684.71),(3,2014,5,4,1752.92),(3,2014,5,1,0),(3,2014,6,3,0),(3,2014,6,4,0),(3,2014,6,1,0),(3,2014,7,3,614.12),(3,2014,7,4,1752.92),(3,2014,7,1,0),(3,2014,8,3,1228.24),(3,2014,8,4,2337.23),(3,2014,8,1,0),(4,2014,1,3,281283),(4,2014,1,4,664034),(4,2014,1,1,0),(4,2014,2,3,44201.6),(4,2014,2,4,142293),(4,2014,2,1,0),(4,2014,3,3,0),(4,2014,3,4,0),(4,2014,3,1,96499.1),(4,2014,4,3,40183.3),(4,2014,4,4,94862.1),(4,2014,4,1,0),(4,2014,5,3,24110),(4,2014,5,4,14229.3),(4,2014,5,1,0),(4,2014,6,3,0),(4,2014,6,4,0),(4,2014,6,1,0),(4,2014,7,3,4018.33),(4,2014,7,4,14229.3),(4,2014,7,1,0),(4,2014,8,3,8036.66),(4,2014,8,4,18972.4),(4,2014,8,1,0),(5,2014,1,3,449517),(5,2014,1,4,216658),(5,2014,1,1,0),(5,2014,2,3,70638.5),(5,2014,2,4,46426.8),(5,2014,2,1,0),(5,2014,3,3,0),(5,2014,3,4,0),(5,2014,3,1,272922),(5,2014,4,3,64216.8),(5,2014,4,4,30951.2),(5,2014,4,1,0),(5,2014,5,3,38530.1),(5,2014,5,4,4642.68),(5,2014,5,1,0),(5,2014,6,3,0),(5,2014,6,4,0),(5,2014,6,1,0),(5,2014,7,3,6421.68),(5,2014,7,4,4642.68),(5,2014,7,1,0),(5,2014,8,3,12843.3),(5,2014,8,4,6190.24),(5,2014,8,1,0),(6,2014,1,3,108245),(6,2014,1,4,44935.4),(6,2014,1,1,0),(6,2014,2,3,17009.9),(6,2014,2,4,9629.01),(6,2014,2,1,0),(6,2014,3,3,0),(6,2014,3,4,0),(6,2014,3,1,434756),(6,2014,4,3,15463.5),(6,2014,4,4,6419.34),(6,2014,4,1,0),(6,2014,5,3,9278.12),(6,2014,5,4,962.9),(6,2014,5,1,0),(6,2014,6,3,0),(6,2014,6,4,0),(6,2014,6,1,0),(6,2014,7,3,1546.35),(6,2014,7,4,962.9),(6,2014,7,1,0),(6,2014,8,3,3092.71),(6,2014,8,4,1283.87),(6,2014,8,1,0),(7,2014,1,3,195824),(7,2014,1,4,28791.8),(7,2014,1,1,0),(7,2014,2,3,30772.3),(7,2014,2,4,6169.68),(7,2014,2,1,0),(7,2014,3,3,0),(7,2014,3,4,0),(7,2014,3,1,220822),(7,2014,4,3,27974.8),(7,2014,4,4,4113.12),(7,2014,4,1,0),(7,2014,5,3,16784.9),(7,2014,5,4,616.97),(7,2014,5,1,0),(7,2014,6,3,0),(7,2014,6,4,0),(7,2014,6,1,0),(7,2014,7,3,2797.48),(7,2014,7,4,616.97),(7,2014,7,1,0),(7,2014,8,3,5594.97),(7,2014,8,4,822.62),(7,2014,8,1,0),(8,2014,1,3,62559.2),(8,2014,1,4,93065.4),(8,2014,1,1,0),(8,2014,2,3,9830.73),(8,2014,2,4,19942.6),(8,2014,2,1,0),(8,2014,3,3,0),(8,2014,3,4,0),(8,2014,3,1,281827),(8,2014,4,3,8937.03),(8,2014,4,4,13295.1),(8,2014,4,1,0),(8,2014,5,3,5362.22),(8,2014,5,4,1994.26),(8,2014,5,1,0),(8,2014,6,3,0),(8,2014,6,4,0),(8,2014,6,1,0),(8,2014,7,3,893.7),(8,2014,7,4,1994.26),(8,2014,7,1,0),(8,2014,8,3,1787.41),(8,2014,8,4,2659.01),(8,2014,8,1,0),(9,2014,1,3,42722.3),(9,2014,1,4,342943),(9,2014,1,1,0),(9,2014,2,3,6713.5),(9,2014,2,4,73487.8),(9,2014,2,1,0),(9,2014,3,3,0),(9,2014,3,4,0),(9,2014,3,1,166757),(9,2014,4,3,6103.18),(9,2014,4,4,48991.9),(9,2014,4,1,0),(9,2014,5,3,3661.91),(9,2014,5,4,7348.78),(9,2014,5,1,0),(9,2014,6,3,0),(9,2014,6,4,0),(9,2014,6,1,0),(9,2014,7,3,610.32),(9,2014,7,4,7348.78),(9,2014,7,1,0),(9,2014,8,3,1220.64),(9,2014,8,4,9798.38),(9,2014,8,1,0),(10,2014,1,3,86370.2),(10,2014,1,4,417330),(10,2014,1,1,0),(10,2014,2,3,13572.5),(10,2014,2,4,89427.9),(10,2014,2,1,0),(10,2014,3,3,0),(10,2014,3,4,0),(10,2014,3,1,70151.8),(10,2014,4,3,12338.6),(10,2014,4,4,59618.6),(10,2014,4,1,0),(10,2014,5,3,7403.16),(10,2014,5,4,8942.79),(10,2014,5,1,0),(10,2014,6,3,0),(10,2014,6,4,0),(10,2014,6,1,0),(10,2014,7,3,1233.86),(10,2014,7,4,8942.79),(10,2014,7,1,0),(10,2014,8,3,2467.72),(10,2014,8,4,11923.7),(10,2014,8,1,0),(11,2014,1,3,32865.6),(11,2014,1,4,82546.5),(11,2014,1,1,0),(11,2014,2,3,5164.6),(11,2014,2,4,17688.5),(11,2014,2,1,0),(11,2014,3,3,0),(11,2014,3,4,0),(11,2014,3,1,3515),(11,2014,4,3,4695.09),(11,2014,4,4,11792.3),(11,2014,4,1,0),(11,2014,5,3,2817.05),(11,2014,5,4,1768.85),(11,2014,5,1,0),(11,2014,6,3,0),(11,2014,6,4,0),(11,2014,6,1,0),(11,2014,7,3,469.51),(11,2014,7,4,1768.85),(11,2014,7,1,0),(11,2014,8,3,939.02),(11,2014,8,4,2358.47),(11,2014,8,1,0),(12,2014,1,3,19519.1),(12,2014,1,4,30613.9),(12,2014,1,1,0),(12,2014,2,3,3067.28),(12,2014,2,4,6560.13),(12,2014,2,1,0),(12,2014,3,3,0),(12,2014,3,4,0),(12,2014,3,1,17128.5),(12,2014,4,3,2788.44),(12,2014,4,4,4373.42),(12,2014,4,1,0),(12,2014,5,3,1673.06),(12,2014,5,4,656.01),(12,2014,5,1,0),(12,2014,6,3,0),(12,2014,6,4,0),(12,2014,6,1,0),(12,2014,7,3,278.84),(12,2014,7,4,656.01),(12,2014,7,1,0),(12,2014,8,3,557.69),(12,2014,8,4,874.68),(12,2014,8,1,0),(1,2016,1,3,941.86),(1,2016,1,4,0),(1,2016,1,1,0),(1,2016,2,3,148.01),(1,2016,2,4,0),(1,2016,2,1,0),(1,2016,3,3,0),(1,2016,3,4,0),(1,2016,3,1,0),(1,2016,4,3,134.55),(1,2016,4,4,0),(1,2016,4,1,0),(1,2016,5,3,80.73),(1,2016,5,4,0),(1,2016,5,1,0),(1,2016,6,3,0),(1,2016,6,4,0),(1,2016,6,1,0),(1,2016,7,3,13.46),(1,2016,7,4,0),(1,2016,7,1,0),(1,2016,8,3,26.91),(1,2016,8,4,0),(1,2016,8,1,0),(2,2016,1,3,9277.91),(2,2016,1,4,23354.7),(2,2016,1,1,0),(2,2016,2,3,1457.96),(2,2016,2,4,5004.59),(2,2016,2,1,0),(2,2016,3,3,0),(2,2016,3,4,0),(2,2016,3,1,846.8),(2,2016,4,3,1325.42),(2,2016,4,4,3336.39),(2,2016,4,1,0),(2,2016,5,3,795.25),(2,2016,5,4,500.46),(2,2016,5,1,0),(2,2016,6,3,0),(2,2016,6,4,0),(2,2016,6,1,0),(2,2016,7,3,132.54),(2,2016,7,4,500.46),(2,2016,7,1,0),(2,2016,8,3,265.08),(2,2016,8,4,667.28),(2,2016,8,1,0),(3,2016,1,3,17349.2),(3,2016,1,4,31006.8),(3,2016,1,1,0),(3,2016,2,3,2726.3),(3,2016,2,4,6644.32),(3,2016,2,1,0),(3,2016,3,3,0),(3,2016,3,4,0),(3,2016,3,1,446.75),(3,2016,4,3,2478.46),(3,2016,4,4,4429.55),(3,2016,4,1,0),(3,2016,5,3,1487.07),(3,2016,5,4,664.43),(3,2016,5,1,0),(3,2016,6,3,0),(3,2016,6,4,0),(3,2016,6,1,0),(3,2016,7,3,247.85),(3,2016,7,4,664.43),(3,2016,7,1,0),(3,2016,8,3,495.69),(3,2016,8,4,885.91),(3,2016,8,1,0),(4,2016,1,3,128859),(4,2016,1,4,5918.05),(4,2016,1,1,0),(4,2016,2,3,20249.3),(4,2016,2,4,1268.15),(4,2016,2,1,0),(4,2016,3,3,0),(4,2016,3,4,0),(4,2016,3,1,21315.8),(4,2016,4,3,18408.5),(4,2016,4,4,845.44),(4,2016,4,1,0),(4,2016,5,3,11045.1),(4,2016,5,4,126.82),(4,2016,5,1,0),(4,2016,6,3,0),(4,2016,6,4,0),(4,2016,6,1,0),(4,2016,7,3,1840.85),(4,2016,7,4,126.82),(4,2016,7,1,0),(4,2016,8,3,3681.69),(4,2016,8,4,169.09),(4,2016,8,1,0),(5,2016,1,3,245234),(5,2016,1,4,41626.2),(5,2016,1,1,0),(5,2016,2,3,38536.8),(5,2016,2,4,8919.9),(5,2016,2,1,0),(5,2016,3,3,0),(5,2016,3,4,0),(5,2016,3,1,178423),(5,2016,4,3,35033.5),(5,2016,4,4,5946.6),(5,2016,4,1,0),(5,2016,5,3,21020.1),(5,2016,5,4,891.99),(5,2016,5,1,0),(5,2016,6,3,0),(5,2016,6,4,0),(5,2016,6,1,0),(5,2016,7,3,3503.35),(5,2016,7,4,891.99),(5,2016,7,1,0),(5,2016,8,3,7006.69),(5,2016,8,4,1189.32),(5,2016,8,1,0),(6,2016,1,3,232923),(6,2016,1,4,26575.1),(6,2016,1,1,0),(6,2016,2,3,36602.3),(6,2016,2,4,5694.66),(6,2016,2,1,0),(6,2016,3,3,0),(6,2016,3,4,0),(6,2016,3,1,533470),(6,2016,4,3,33274.8),(6,2016,4,4,3796.44),(6,2016,4,1,0),(6,2016,5,3,19964.9),(6,2016,5,4,569.47),(6,2016,5,1,0),(6,2016,6,3,0),(6,2016,6,4,0),(6,2016,6,1,0),(6,2016,7,3,3327.48),(6,2016,7,4,569.47),(6,2016,7,1,0),(6,2016,8,3,6654.96),(6,2016,8,4,759.29),(6,2016,8,1,0),(7,2016,1,3,86044.7),(7,2016,1,4,3606.51),(7,2016,1,1,0),(7,2016,2,3,13521.3),(7,2016,2,4,772.82),(7,2016,2,1,0),(7,2016,3,3,0),(7,2016,3,4,0),(7,2016,3,1,403536),(7,2016,4,3,12292.1),(7,2016,4,4,515.22),(7,2016,4,1,0),(7,2016,5,3,7375.26),(7,2016,5,4,77.28),(7,2016,5,1,0),(7,2016,6,3,NULL),(7,2016,6,4,NULL),(7,2016,6,1,NULL),(7,2016,7,3,1229.21),(7,2016,7,4,77.28),(7,2016,7,1,0),(7,2016,8,3,2458.42),(7,2016,8,4,103.04),(7,2016,8,1,0),(8,2016,1,3,22609.7),(8,2016,1,4,57695.9),(8,2016,1,1,0),(8,2016,2,3,3552.95),(8,2016,2,4,12363.4),(8,2016,2,1,0),(8,2016,3,3,0),(8,2016,3,4,0),(8,2016,3,1,225659),(8,2016,4,3,3229.96),(8,2016,4,4,8242.27),(8,2016,4,1,0),(8,2016,5,3,1937.97),(8,2016,5,4,1236.34),(8,2016,5,1,0),(8,2016,6,3,0),(8,2016,6,4,0),(8,2016,6,1,0),(8,2016,7,3,323),(8,2016,7,4,1236.34),(8,2016,7,1,0),(8,2016,8,3,645.99),(8,2016,8,4,1648.45),(8,2016,8,1,0),(9,2016,1,3,33911.4),(9,2016,1,4,618610),(9,2016,1,1,0),(9,2016,2,3,5328.94),(9,2016,2,4,132559),(9,2016,2,1,0),(9,2016,3,3,0),(9,2016,3,4,0),(9,2016,3,1,87116.8),(9,2016,4,3,4844.49),(9,2016,4,4,88372.9),(9,2016,4,1,0),(9,2016,5,3,2906.69),(9,2016,5,4,13255.9),(9,2016,5,1,0),(9,2016,6,3,0),(9,2016,6,4,0),(9,2016,6,1,0),(9,2016,7,3,484.45),(9,2016,7,4,13255.9),(9,2016,7,1,0),(9,2016,8,3,968.9),(9,2016,8,4,17674.6),(9,2016,8,1,0),(10,2016,1,3,33607.4),(10,2016,1,4,87369.3),(10,2016,1,1,0),(10,2016,2,3,5281.16),(10,2016,2,4,18722),(10,2016,2,1,0),(10,2016,3,3,0),(10,2016,3,4,0),(10,2016,3,1,73998.8),(10,2016,4,3,4801.06),(10,2016,4,4,12481.3),(10,2016,4,1,0),(10,2016,5,3,2880.63),(10,2016,5,4,1872.2),(10,2016,5,1,0),(10,2016,6,3,0),(10,2016,6,4,0),(10,2016,6,1,0),(10,2016,7,3,480.11),(10,2016,7,4,1872.2),(10,2016,7,1,0),(10,2016,8,3,960.21),(10,2016,8,4,2496.27),(10,2016,8,1,0),(11,2016,1,3,70188.1),(11,2016,1,4,126656),(11,2016,1,1,0),(11,2016,2,3,11029.6),(11,2016,2,4,27140.6),(11,2016,2,1,0),(11,2016,3,3,0),(11,2016,3,4,0),(11,2016,3,1,1003.2),(11,2016,4,3,10026.9),(11,2016,4,4,18093.7),(11,2016,4,1,0),(11,2016,5,3,6016.12),(11,2016,5,4,2714.06),(11,2016,5,1,0),(11,2016,6,3,0),(11,2016,6,4,0),(11,2016,6,1,0),(11,2016,7,3,1002.69),(11,2016,7,4,2714.06),(11,2016,7,1,0),(11,2016,8,3,2005.37),(11,2016,8,4,3618.74),(11,2016,8,1,0),(12,2016,1,3,929.67),(12,2016,1,4,53007.1),(12,2016,1,1,0),(12,2016,2,3,146.09),(12,2016,2,4,11358.7),(12,2016,2,1,0),(12,2016,3,3,0),(12,2016,3,4,0),(12,2016,3,1,262.2),(12,2016,4,3,132.81),(12,2016,4,4,7572.45),(12,2016,4,1,0),(12,2016,5,3,79.69),(12,2016,5,4,1135.87),(12,2016,5,1,0),(12,2016,6,3,0),(12,2016,6,4,0),(12,2016,6,1,0),(12,2016,7,3,13.28),(12,2016,7,4,1135.87),(12,2016,7,1,0),(12,2016,8,3,26.56),(12,2016,8,4,1514.49),(12,2016,8,1,0),(1,2017,1,3,16377),(1,2017,1,4,6016.58),(1,2017,1,1,179.46),(1,2017,2,3,2573.53),(1,2017,2,4,1289.27),(1,2017,2,1,0),(1,2017,3,3,0),(1,2017,3,4,0),(1,2017,3,1,299.09),(1,2017,4,3,2339.57),(1,2017,4,4,859.51),(1,2017,4,1,0),(1,2017,5,3,1403.74),(1,2017,5,4,128.93),(1,2017,5,1,0),(1,2017,6,3,0),(1,2017,6,4,0),(1,2017,6,1,0),(1,2017,7,3,233.96),(1,2017,7,4,128.93),(1,2017,7,1,0),(1,2017,8,3,467.91),(1,2017,8,4,171.9),(1,2017,8,1,0),(2,2017,1,3,26118.3),(2,2017,1,4,3817.07),(2,2017,1,1,0),(2,2017,2,3,4104.3),(2,2017,2,4,817.94),(2,2017,2,1,0),(2,2017,3,3,0),(2,2017,3,4,0),(2,2017,3,1,7679.43),(2,2017,4,3,3731.18),(2,2017,4,4,545.3),(2,2017,4,1,0),(2,2017,5,3,2238.71),(2,2017,5,4,81.79),(2,2017,5,1,0),(2,2017,6,3,0),(2,2017,6,4,0),(2,2017,6,1,0),(2,2017,7,3,373.12),(2,2017,7,4,81.79),(2,2017,7,1,0),(2,2017,8,3,746.24),(2,2017,8,4,109.06),(2,2017,8,1,0),(3,2017,1,3,111018),(3,2017,1,4,12061.6),(3,2017,1,1,0),(3,2017,2,3,17445.7),(3,2017,2,4,2584.62),(3,2017,2,1,0),(3,2017,3,3,0),(3,2017,3,4,0),(3,2017,3,1,3378.35),(3,2017,4,3,15859.7),(3,2017,4,4,1723.08),(3,2017,4,1,0),(3,2017,5,3,9515.83),(3,2017,5,4,258.46),(3,2017,5,1,0),(3,2017,6,3,0),(3,2017,6,4,0),(3,2017,6,1,0),(3,2017,7,3,1585.97),(3,2017,7,4,258.46),(3,2017,7,1,0),(3,2017,8,3,3171.94),(3,2017,8,4,344.62),(3,2017,8,1,0),(4,2017,1,3,244708),(4,2017,1,4,7532.51),(4,2017,1,1,0),(4,2017,2,3,38454.1),(4,2017,2,4,1614.11),(4,2017,2,1,0),(4,2017,3,3,0),(4,2017,3,4,0),(4,2017,3,1,2092.76),(4,2017,4,3,34958.2),(4,2017,4,4,1076.07),(4,2017,4,1,0),(4,2017,5,3,20974.9),(4,2017,5,4,161.41),(4,2017,5,1,0),(4,2017,6,3,0),(4,2017,6,4,0),(4,2017,6,1,0),(4,2017,7,3,3495.82),(4,2017,7,4,161.41),(4,2017,7,1,0),(4,2017,8,3,6991.64),(4,2017,8,4,215.21),(4,2017,8,1,0),(5,2017,1,3,376544),(5,2017,1,4,12985.3),(5,2017,1,1,0),(5,2017,2,3,59171.2),(5,2017,2,4,2782.56),(5,2017,2,1,0),(5,2017,3,3,0),(5,2017,3,4,0),(5,2017,3,1,94288.2),(5,2017,4,3,53792),(5,2017,4,4,1855.04),(5,2017,4,1,0),(5,2017,5,3,32275.2),(5,2017,5,4,278.26),(5,2017,5,1,0),(5,2017,6,3,0),(5,2017,6,4,0),(5,2017,6,1,0),(5,2017,7,3,5379.2),(5,2017,7,4,278.26),(5,2017,7,1,0),(5,2017,8,3,10758.4),(5,2017,8,4,371.01),(5,2017,8,1,0),(6,2017,1,3,205103),(6,2017,1,4,105567),(6,2017,1,1,0),(6,2017,2,3,32230.5),(6,2017,2,4,22621.4),(6,2017,2,1,0),(6,2017,3,3,0),(6,2017,3,4,0),(6,2017,3,1,149574),(6,2017,4,3,29300.5),(6,2017,4,4,15081),(6,2017,4,1,0),(6,2017,5,3,17580.3),(6,2017,5,4,2262.14),(6,2017,5,1,0),(6,2017,6,3,0),(6,2017,6,4,0),(6,2017,6,1,0),(6,2017,7,3,2930.05),(6,2017,7,4,2262.14),(6,2017,7,1,0),(6,2017,8,3,5860.1),(6,2017,8,4,3016.19),(6,2017,8,1,0),(7,2017,1,3,609267),(7,2017,1,4,58133.1),(7,2017,1,1,0),(7,2017,2,3,95741.9),(7,2017,2,4,12457.1),(7,2017,2,1,0),(7,2017,3,3,0),(7,2017,3,4,0),(7,2017,3,1,123097),(7,2017,4,3,87038.1),(7,2017,4,4,8304.73),(7,2017,4,1,0),(7,2017,5,3,52222.9),(7,2017,5,4,1245.71),(7,2017,5,1,0),(7,2017,6,3,0),(7,2017,6,4,0),(7,2017,6,1,0),(7,2017,7,3,8703.81),(7,2017,7,4,1245.71),(7,2017,7,1,0),(7,2017,8,3,17407.6),(7,2017,8,4,1660.95),(7,2017,8,1,0),(8,2017,1,3,587242),(8,2017,1,4,291371),(8,2017,1,1,0),(8,2017,2,3,92280.9),(8,2017,2,4,62436.6),(8,2017,2,1,0),(8,2017,3,3,0),(8,2017,3,4,0),(8,2017,3,1,123890),(8,2017,4,3,83891.7),(8,2017,4,4,41624.4),(8,2017,4,1,0),(8,2017,5,3,50335),(8,2017,5,4,6243.66),(8,2017,5,1,0),(8,2017,6,3,0),(8,2017,6,4,0),(8,2017,6,1,0),(8,2017,7,3,8389.17),(8,2017,7,4,6243.66),(8,2017,7,1,0),(8,2017,8,3,16778.3),(8,2017,8,4,8324.88),(8,2017,8,1,0),(9,2017,1,3,770744),(9,2017,1,4,351006),(9,2017,1,1,0),(9,2017,2,3,121117),(9,2017,2,4,75215.6),(9,2017,2,1,0),(9,2017,3,3,0),(9,2017,3,4,0),(9,2017,3,1,84194.2),(9,2017,4,3,110106),(9,2017,4,4,50143.7),(9,2017,4,1,0),(9,2017,5,3,66063.7),(9,2017,5,4,7521.56),(9,2017,5,1,0),(9,2017,6,3,0),(9,2017,6,4,0),(9,2017,6,1,0),(9,2017,7,3,11010.6),(9,2017,7,4,7521.56),(9,2017,7,1,0),(9,2017,8,3,22021.2),(9,2017,8,4,10028.7),(9,2017,8,1,0),(10,2017,1,3,644775),(10,2017,1,4,659114),(10,2017,1,1,0),(10,2017,2,3,101322),(10,2017,2,4,141239),(10,2017,2,1,0),(10,2017,3,3,0),(10,2017,3,4,0),(10,2017,3,1,9541),(10,2017,4,3,92110.8),(10,2017,4,4,94159.1),(10,2017,4,1,0),(10,2017,5,3,55266.5),(10,2017,5,4,14123.9),(10,2017,5,1,0),(10,2017,6,3,0),(10,2017,6,4,0),(10,2017,6,1,0),(10,2017,7,3,9211.08),(10,2017,7,4,14123.9),(10,2017,7,1,0),(10,2017,8,3,18422.2),(10,2017,8,4,18831.8),(10,2017,8,1,0),(11,2017,1,3,306052),(11,2017,1,4,74764.6),(11,2017,1,1,0),(11,2017,2,3,48093.8),(11,2017,2,4,16021),(11,2017,2,1,0),(11,2017,3,3,0),(11,2017,3,4,0),(11,2017,3,1,7009.42),(11,2017,4,3,43721.6),(11,2017,4,4,10680.7),(11,2017,4,1,0),(11,2017,5,3,26233),(11,2017,5,4,1602.1),(11,2017,5,1,0),(11,2017,6,3,0),(11,2017,6,4,0),(11,2017,6,1,0),(11,2017,7,3,4372.16),(11,2017,7,4,1602.1),(11,2017,7,1,0),(11,2017,8,3,8744.33),(11,2017,8,4,2136.13),(11,2017,8,1,0),(12,2017,1,3,88809.2),(12,2017,1,4,20110.8),(12,2017,1,1,0),(12,2017,2,3,13955.7),(12,2017,2,4,4309.46),(12,2017,2,1,0),(12,2017,3,3,0),(12,2017,3,4,0),(12,2017,3,1,753.25),(12,2017,4,3,12687),(12,2017,4,4,2872.98),(12,2017,4,1,0),(12,2017,5,3,7612.22),(12,2017,5,4,430.95),(12,2017,5,1,0),(12,2017,6,3,0),(12,2017,6,4,0),(12,2017,6,1,0),(12,2017,7,3,1268.7),(12,2017,7,4,430.95),(12,2017,7,1,0),(12,2017,8,3,2537.41),(12,2017,8,4,574.6),(12,2017,8,1,0),(1,2018,1,3,0),(1,2018,1,4,12.6),(1,2018,1,1,0),(1,2018,2,3,0),(1,2018,2,4,2.7),(1,2018,2,1,0),(1,2018,3,3,0),(1,2018,3,4,0),(1,2018,3,1,112.68),(1,2018,4,3,0),(1,2018,4,4,1.8),(1,2018,4,1,0),(1,2018,5,3,0),(1,2018,5,4,0.27),(1,2018,5,1,0),(1,2018,6,3,0),(1,2018,6,4,0),(1,2018,6,1,0),(1,2018,7,3,0),(1,2018,7,4,0.27),(1,2018,7,1,0),(1,2018,8,3,0),(1,2018,8,4,0.36),(1,2018,8,1,0),(2,2018,1,3,20991.6),(2,2018,1,4,3364.92),(2,2018,1,1,0),(2,2018,2,3,3298.68),(2,2018,2,4,721.05),(2,2018,2,1,0),(2,2018,3,3,0),(2,2018,3,4,0),(2,2018,3,1,154),(2,2018,4,3,2998.8),(2,2018,4,4,480.7),(2,2018,4,1,0),(2,2018,5,3,1799.28),(2,2018,5,4,72.11),(2,2018,5,1,0),(2,2018,6,3,0),(2,2018,6,4,0),(2,2018,6,1,0),(2,2018,7,3,299.88),(2,2018,7,4,72.11),(2,2018,7,1,0),(2,2018,8,3,599.76),(2,2018,8,4,96.14),(2,2018,8,1,0),(3,2018,1,3,18214.7),(3,2018,1,4,82292.2),(3,2018,1,1,0),(3,2018,2,3,2862.32),(3,2018,2,4,17634),(3,2018,2,1,0),(3,2018,3,3,0),(3,2018,3,4,0),(3,2018,3,1,426.4),(3,2018,4,3,2602.1),(3,2018,4,4,11756),(3,2018,4,1,0),(3,2018,5,3,1561.26),(3,2018,5,4,1763.4),(3,2018,5,1,0),(3,2018,6,3,0),(3,2018,6,4,0),(3,2018,6,1,0),(3,2018,7,3,260.21),(3,2018,7,4,1763.4),(3,2018,7,1,0),(3,2018,8,3,520.42),(3,2018,8,4,2351.21),(3,2018,8,1,0),(4,2018,1,3,207694),(4,2018,1,4,65105.5),(4,2018,1,1,0),(4,2018,2,3,32637.6),(4,2018,2,4,13951.2),(4,2018,2,1,0),(4,2018,3,3,0),(4,2018,3,4,0),(4,2018,3,1,3922.05),(4,2018,4,3,29670.5),(4,2018,4,4,9300.79),(4,2018,4,1,0),(4,2018,5,3,17802.3),(4,2018,5,4,1395.12),(4,2018,5,1,0),(4,2018,6,3,0),(4,2018,6,4,0),(4,2018,6,1,0),(4,2018,7,3,2967.05),(4,2018,7,4,1395.12),(4,2018,7,1,0),(4,2018,8,3,5934.1),(4,2018,8,4,1860.16),(4,2018,8,1,0),(5,2018,1,3,279378),(5,2018,1,4,285476),(5,2018,1,1,0),(5,2018,2,3,43902.2),(5,2018,2,4,61173.4),(5,2018,2,1,0),(5,2018,3,3,0),(5,2018,3,4,0),(5,2018,3,1,50832.5),(5,2018,4,3,39911.1),(5,2018,4,4,40782.2),(5,2018,4,1,0),(5,2018,5,3,23946.7),(5,2018,5,4,6117.34),(5,2018,5,1,0),(5,2018,6,3,0),(5,2018,6,4,0),(5,2018,6,1,0),(5,2018,7,3,3991.11),(5,2018,7,4,6117.34),(5,2018,7,1,0),(5,2018,8,3,7982.22),(5,2018,8,4,8156.45),(5,2018,8,1,0),(6,2018,1,3,402805),(6,2018,1,4,451705),(6,2018,1,1,0),(6,2018,2,3,63297.9),(6,2018,2,4,96794),(6,2018,2,1,0),(6,2018,3,3,0),(6,2018,3,4,0),(6,2018,3,1,45564.4),(6,2018,4,3,57543.6),(6,2018,4,4,64529.3),(6,2018,4,1,0),(6,2018,5,3,34526.1),(6,2018,5,4,9679.4),(6,2018,5,1,0),(6,2018,6,3,0),(6,2018,6,4,0),(6,2018,6,1,0),(6,2018,7,3,5754.36),(6,2018,7,4,9679.4),(6,2018,7,1,0),(6,2018,8,3,11508.7),(6,2018,8,4,12905.9),(6,2018,8,1,0),(7,2018,1,3,611904),(7,2018,1,4,748694),(7,2018,1,1,0),(7,2018,2,3,96156.4),(7,2018,2,4,160434),(7,2018,2,1,0),(7,2018,3,3,0),(7,2018,3,4,0),(7,2018,3,1,54926.1),(7,2018,4,3,87414.9),(7,2018,4,4,106956),(7,2018,4,1,0),(7,2018,5,3,52448.9),(7,2018,5,4,16043.4),(7,2018,5,1,0),(7,2018,6,3,0),(7,2018,6,4,0),(7,2018,6,1,0),(7,2018,7,3,8741.49),(7,2018,7,4,16043.4),(7,2018,7,1,0),(7,2018,8,3,17483),(7,2018,8,4,21391.2),(7,2018,8,1,0),(8,2018,1,3,813943),(8,2018,1,4,1048210),(8,2018,1,1,0),(8,2018,2,3,127905),(8,2018,2,4,224616),(8,2018,2,1,0),(8,2018,3,3,0),(8,2018,3,4,0),(8,2018,3,1,177644),(8,2018,4,3,116278),(8,2018,4,4,149744),(8,2018,4,1,0),(8,2018,5,3,69766.5),(8,2018,5,4,22461.6),(8,2018,5,1,0),(8,2018,6,3,0),(8,2018,6,4,0),(8,2018,6,1,0),(8,2018,7,3,11627.8),(8,2018,7,4,22461.6),(8,2018,7,1,0),(8,2018,8,3,23255.5),(8,2018,8,4,29948.8),(8,2018,8,1,0),(9,2018,1,3,540498),(9,2018,1,4,457197),(9,2018,1,1,0),(9,2018,2,3,84935.4),(9,2018,2,4,97970.9),(9,2018,2,1,0),(9,2018,3,3,0),(9,2018,3,4,0),(9,2018,3,1,104387),(9,2018,4,3,77214),(9,2018,4,4,65313.9),(9,2018,4,1,0),(9,2018,5,3,46328.4),(9,2018,5,4,9797.09),(9,2018,5,1,0),(9,2018,6,3,0),(9,2018,6,4,0),(9,2018,6,1,0),(9,2018,7,3,7721.4),(9,2018,7,4,9797.09),(9,2018,7,1,0),(9,2018,8,3,15442.8),(9,2018,8,4,13062.8),(9,2018,8,1,0),(10,2018,1,3,213555),(10,2018,1,4,239693),(10,2018,1,1,0),(10,2018,2,3,33558.6),(10,2018,2,4,51362.9),(10,2018,2,1,0),(10,2018,3,3,0),(10,2018,3,4,0),(10,2018,3,1,61622),(10,2018,4,3,30507.9),(10,2018,4,4,34241.9),(10,2018,4,1,0),(10,2018,5,3,18304.7),(10,2018,5,4,5136.28),(10,2018,5,1,0),(10,2018,6,3,0),(10,2018,6,4,0),(10,2018,6,1,0),(10,2018,7,3,3050.79),(10,2018,7,4,5136.28),(10,2018,7,1,0),(10,2018,8,3,6101.57),(10,2018,8,4,6848.38),(10,2018,8,1,0),(11,2018,1,3,145358),(11,2018,1,4,396318),(11,2018,1,1,0),(11,2018,2,3,22842.1),(11,2018,2,4,84925.4),(11,2018,2,1,0),(11,2018,3,3,0),(11,2018,3,4,0),(11,2018,3,1,36076),(11,2018,4,3,20765.5),(11,2018,4,4,56616.9),(11,2018,4,1,0),(11,2018,5,3,12459.3),(11,2018,5,4,8492.54),(11,2018,5,1,0),(11,2018,6,3,0),(11,2018,6,4,0),(11,2018,6,1,0),(11,2018,7,3,2076.55),(11,2018,7,4,8492.54),(11,2018,7,1,0),(11,2018,8,3,4153.1),(11,2018,8,4,11323.4),(11,2018,8,1,0),(12,2018,1,3,41028.4),(12,2018,1,4,58468.9),(12,2018,1,1,0),(12,2018,2,3,6447.32),(12,2018,2,4,12529),(12,2018,2,1,0),(12,2018,3,3,0),(12,2018,3,4,0),(12,2018,3,1,7775),(12,2018,4,3,5861.2),(12,2018,4,4,8352.7),(12,2018,4,1,0),(12,2018,5,3,3516.72),(12,2018,5,4,1252.91),(12,2018,5,1,0),(12,2018,6,3,0),(12,2018,6,4,0),(12,2018,6,1,0),(12,2018,7,3,586.12),(12,2018,7,4,1252.91),(12,2018,7,1,0),(12,2018,8,3,1172.24),(12,2018,8,4,1670.54),(12,2018,8,1,0);

#
# Structure for table "kecamatan"
#

DROP TABLE IF EXISTS `kecamatan`;
CREATE TABLE `kecamatan` (
  `IDKecamatan` int(11) NOT NULL AUTO_INCREMENT,
  `NamaKecamatan` varchar(255) DEFAULT NULL,
  PRIMARY KEY (`IDKecamatan`)
) ENGINE=InnoDB AUTO_INCREMENT=18 DEFAULT CHARSET=utf8mb4;

#
# Data for table "kecamatan"
#

INSERT INTO `kecamatan` VALUES (1,'Dinomulyo'),(2,'Bantur'),(3,'Gedangan'),(4,'Sumber Manjing Wetan'),(5,'Tirtoyudo'),(6,'Ampel Gading');

#
# Structure for table "datatangkapanikan"
#

DROP TABLE IF EXISTS `datatangkapanikan`;
CREATE TABLE `datatangkapanikan` (
  `IDDataTangkapanIkan` int(11) NOT NULL AUTO_INCREMENT,
  `Bulan` int(11) DEFAULT NULL,
  `Tahun` int(11) DEFAULT NULL,
  `IDKecamatan` int(11) DEFAULT NULL,
  `IDIkan` int(11) DEFAULT NULL,
  `JumlahTangkapanIkan` float DEFAULT NULL,
  PRIMARY KEY (`IDDataTangkapanIkan`),
  KEY `IDKecamatan` (`IDKecamatan`),
  KEY `IDIkan` (`IDIkan`),
  CONSTRAINT `datatangkapanikan_ibfk_1` FOREIGN KEY (`IDKecamatan`) REFERENCES `kecamatan` (`IDKecamatan`),
  CONSTRAINT `datatangkapanikan_ibfk_2` FOREIGN KEY (`IDIkan`) REFERENCES `jenisikan` (`IDIkan`)
) ENGINE=InnoDB AUTO_INCREMENT=2059 DEFAULT CHARSET=utf8mb4;

#
# Data for table "datatangkapanikan"
#

INSERT INTO `datatangkapanikan` VALUES (763,1,2014,6,4,1987.78),(764,1,2014,5,4,2484.73),(765,1,2014,4,4,12165.2),(766,1,2014,2,4,1888.39),(767,1,2014,3,4,993.89),(768,1,2014,1,4,357.8),(769,2,2014,6,4,833.72),(770,2,2014,5,4,1042.15),(771,2,2014,4,4,5102.37),(772,2,2014,2,4,792.034),(773,2,2014,3,4,416.86),(774,2,2014,1,4,150.07),(775,3,2014,6,4,11686.1),(776,3,2014,5,4,14607.7),(777,3,2014,4,4,71519.2),(778,3,2014,2,4,11101.8),(779,3,2014,3,4,5843.07),(780,3,2014,1,4,2103.51),(781,4,2014,6,4,94862.1),(782,4,2014,5,4,118578),(783,4,2014,4,4,580556),(784,4,2014,2,4,90119),(785,4,2014,3,4,47431),(786,4,2014,1,4,17075.2),(787,5,2014,6,4,30951.2),(788,5,2014,5,4,38689),(789,5,2014,4,4,189421),(790,5,2014,2,4,29403.6),(791,5,2014,3,4,15475.6),(792,5,2014,1,4,5571.21),(793,6,2014,6,4,6419.34),(794,6,2014,5,4,8024.17),(795,6,2014,4,4,39286.4),(796,6,2014,2,4,6098.37),(797,6,2014,3,4,3209.67),(798,6,2014,1,4,1155.48),(799,7,2014,6,4,4113.12),(800,7,2014,5,4,5141.4),(801,7,2014,4,4,25172.3),(802,7,2014,2,4,3907.46),(803,7,2014,3,4,2056.56),(804,7,2014,1,4,740.362),(805,8,2014,6,4,13295.1),(806,8,2014,5,4,16618.8),(807,8,2014,4,4,81365.8),(808,8,2014,2,4,12630.3),(809,8,2014,3,4,6647.53),(810,8,2014,1,4,2393.11),(811,9,2014,6,4,48991.9),(812,9,2014,5,4,61239.9),(813,9,2014,4,4,299830),(814,9,2014,2,4,46542.3),(815,9,2014,3,4,24495.9),(816,9,2014,1,4,8818.54),(817,10,2014,6,4,59618.6),(818,10,2014,5,4,74523.2),(819,10,2014,4,4,364866),(820,10,2014,2,4,56637.7),(821,10,2014,3,4,29809.3),(822,10,2014,1,4,10731.3),(823,11,2014,6,4,11792.3),(824,11,2014,5,4,14740.4),(825,11,2014,4,4,72169.2),(826,11,2014,2,4,11202.7),(827,11,2014,3,4,5896.17),(828,11,2014,1,4,2122.62),(829,12,2014,6,4,4373.42),(830,12,2014,5,4,5466.77),(831,12,2014,4,4,26765.3),(832,12,2014,2,4,4154.75),(833,12,2014,3,4,2186.71),(834,12,2014,1,4,787.216),(835,1,2015,6,4,3217.84),(836,1,2015,5,4,4022.3),(837,1,2015,4,4,19693.2),(838,1,2015,2,4,3056.95),(839,1,2015,3,4,1608.92),(840,1,2015,1,4,579.211),(841,2,2015,6,4,2338.71),(842,2,2015,5,4,2923.39),(843,2,2015,4,4,14312.9),(844,2,2015,2,4,2221.77),(845,2,2015,3,4,1169.35),(846,2,2015,1,4,420.968),(847,3,2015,6,4,886.92),(848,3,2015,5,4,1108.65),(849,3,2015,4,4,5427.95),(850,3,2015,2,4,842.574),(851,3,2015,3,4,443.46),(852,3,2015,1,4,159.646),(853,4,2015,6,4,5462.88),(854,4,2015,5,4,6828.6),(855,4,2015,4,4,33432.8),(856,4,2015,2,4,5189.74),(857,4,2015,3,4,2731.44),(858,4,2015,1,4,983.318),(859,5,2015,6,4,18003.4),(860,5,2015,5,4,22504.3),(861,5,2015,4,4,110181),(862,5,2015,2,4,17103.3),(863,5,2015,3,4,9001.72),(864,5,2015,1,4,3240.62),(865,6,2015,6,4,33093.9),(866,6,2015,5,4,41367.4),(867,6,2015,4,4,202535),(868,6,2015,2,4,31439.2),(869,6,2015,3,4,16547),(870,6,2015,1,4,5956.9),(871,7,2015,6,4,13300),(872,7,2015,5,4,16625),(873,7,2015,4,4,81396),(874,7,2015,2,4,12635),(875,7,2015,3,4,6650),(876,7,2015,1,4,2394),(877,8,2015,6,4,24207.5),(878,8,2015,5,4,30259.4),(879,8,2015,4,4,148150),(880,8,2015,2,4,22997.1),(881,8,2015,3,4,12103.8),(882,8,2015,1,4,4357.35),(883,9,2015,6,4,13750.1),(884,9,2015,5,4,17187.6),(885,9,2015,4,4,84150.7),(886,9,2015,2,4,13062.6),(887,9,2015,3,4,6875.06),(888,9,2015,1,4,2475.02),(889,10,2015,6,4,4493.88),(890,10,2015,5,4,5617.35),(891,10,2015,4,4,27502.5),(892,10,2015,2,4,4269.19),(893,10,2015,3,4,2246.94),(894,10,2015,1,4,808.898),(895,11,2015,6,4,18093.7),(896,11,2015,5,4,22617.1),(897,11,2015,4,4,110733),(898,11,2015,2,4,17189),(899,11,2015,3,4,9046.85),(900,11,2015,1,4,3256.87),(901,12,2015,6,4,7572.45),(902,12,2015,5,4,9465.56),(903,12,2015,4,4,46343.4),(904,12,2015,2,4,7193.83),(905,12,2015,3,4,3786.23),(906,12,2015,1,4,1363.04),(907,1,2016,6,4,0),(908,1,2016,5,4,0),(909,1,2016,4,4,0),(910,1,2016,2,4,0),(911,1,2016,3,4,0),(912,1,2016,1,4,0),(913,2,2016,6,4,3336.39),(914,2,2016,5,4,4170.49),(915,2,2016,4,4,20418.7),(916,2,2016,2,4,3169.57),(917,2,2016,3,4,1668.2),(918,2,2016,1,4,600.551),(919,3,2016,6,4,4429.54),(920,3,2016,5,4,5536.93),(921,3,2016,4,4,27108.8),(922,3,2016,2,4,4208.07),(923,3,2016,3,4,2214.77),(924,3,2016,1,4,797.318),(925,4,2016,6,4,845.435),(926,4,2016,5,4,1056.79),(927,4,2016,4,4,5174.06),(928,4,2016,2,4,803.163),(929,4,2016,3,4,422.717),(930,4,2016,1,4,152.178),(931,5,2016,6,4,5946.6),(932,5,2016,5,4,7433.25),(933,5,2016,4,4,36393.2),(934,5,2016,2,4,5649.27),(935,5,2016,3,4,2973.3),(936,5,2016,1,4,1070.39),(937,6,2016,6,4,3796.44),(938,6,2016,5,4,4745.55),(939,6,2016,4,4,23234.2),(940,6,2016,2,4,3606.62),(941,6,2016,3,4,1898.22),(942,6,2016,1,4,683.359),(943,7,2016,6,4,515.215),(944,7,2016,5,4,644.019),(945,7,2016,4,4,3153.12),(946,7,2016,2,4,489.454),(947,7,2016,3,4,257.608),(948,7,2016,1,4,92.7387),(949,8,2016,6,4,8242.27),(950,8,2016,5,4,10302.8),(951,8,2016,4,4,50442.7),(952,8,2016,2,4,7830.16),(953,8,2016,3,4,4121.14),(954,8,2016,1,4,1483.61),(955,9,2016,6,4,88372.9),(956,9,2016,5,4,110466),(957,9,2016,4,4,540842),(958,9,2016,2,4,83954.2),(959,9,2016,3,4,44186.4),(960,9,2016,1,4,15907.1),(961,10,2016,6,4,12481.3),(962,10,2016,5,4,15601.7),(963,10,2016,4,4,76385.8),(964,10,2016,2,4,11857.3),(965,10,2016,3,4,6240.67),(966,10,2016,1,4,2246.64),(967,11,2016,6,4,3168.83),(968,11,2016,5,4,3961.03),(969,11,2016,4,4,19393.2),(970,11,2016,2,4,3010.39),(971,11,2016,3,4,1584.41),(972,11,2016,1,4,570.389),(973,12,2016,6,4,2081.32),(974,12,2016,5,4,2601.65),(975,12,2016,4,4,12737.7),(976,12,2016,2,4,1977.25),(977,12,2016,3,4,1040.66),(978,12,2016,1,4,374.638),(979,1,2017,6,4,859.511),(980,1,2017,5,4,1074.39),(981,1,2017,4,4,5260.21),(982,1,2017,2,4,816.535),(983,1,2017,3,4,429.755),(984,1,2017,1,4,154.712),(985,2,2017,6,4,545.296),(986,2,2017,5,4,681.62),(987,2,2017,4,4,3337.21),(988,2,2017,2,4,518.031),(989,2,2017,3,4,272.648),(990,2,2017,1,4,98.1533),(991,3,2017,6,4,1723.08),(992,3,2017,5,4,2153.85),(993,3,2017,4,4,10545.2),(994,3,2017,2,4,1636.93),(995,3,2017,3,4,861.54),(996,3,2017,1,4,310.154),(997,4,2017,6,4,1076.07),(998,4,2017,5,4,1345.09),(999,4,2017,4,4,6585.57),(1000,4,2017,2,4,1022.27),(1001,4,2017,3,4,538.037),(1002,4,2017,1,4,193.693),(1003,5,2017,6,4,1855.04),(1004,5,2017,5,4,2318.8),(1005,5,2017,4,4,11352.8),(1006,5,2017,2,4,1762.29),(1007,5,2017,3,4,927.52),(1008,5,2017,1,4,333.907),(1009,6,2017,6,4,15081),(1010,6,2017,5,4,18851.2),(1011,6,2017,4,4,92295.5),(1012,6,2017,2,4,14326.9),(1013,6,2017,3,4,7540.48),(1014,6,2017,1,4,2714.57),(1015,7,2017,6,4,8304.72),(1016,7,2017,5,4,10380.9),(1017,7,2017,4,4,50824.9),(1018,7,2017,2,4,7889.49),(1019,7,2017,3,4,4152.36),(1020,7,2017,1,4,1494.85),(1021,8,2017,6,4,41624.4),(1022,8,2017,5,4,52030.5),(1023,8,2017,4,4,254741),(1024,8,2017,2,4,39543.2),(1025,8,2017,3,4,20812.2),(1026,8,2017,1,4,7492.39),(1027,9,2017,6,4,50143.7),(1028,9,2017,5,4,62679.6),(1029,9,2017,4,4,306880),(1030,9,2017,2,4,47636.5),(1031,9,2017,3,4,25071.9),(1032,9,2017,1,4,9025.87),(1033,10,2017,6,4,94159.1),(1034,10,2017,5,4,117699),(1035,10,2017,4,4,576254),(1036,10,2017,2,4,89451.2),(1037,10,2017,3,4,47079.6),(1038,10,2017,1,4,16948.6),(1039,11,2017,6,4,10680.7),(1040,11,2017,5,4,13350.8),(1041,11,2017,4,4,65365.6),(1042,11,2017,2,4,10146.6),(1043,11,2017,3,4,5340.33),(1044,11,2017,1,4,1922.52),(1045,12,2017,6,4,2872.98),(1046,12,2017,5,4,3591.22),(1047,12,2017,4,4,17582.6),(1048,12,2017,2,4,2729.33),(1049,12,2017,3,4,1436.49),(1050,12,2017,1,4,517.135),(1051,1,2018,6,4,1.8),(1052,1,2018,5,4,2.25),(1053,1,2018,4,4,11.016),(1054,1,2018,2,4,1.71),(1055,1,2018,3,4,0.9),(1056,1,2018,1,4,0.324),(1057,2,2018,6,4,480.703),(1058,2,2018,5,4,600.879),(1059,2,2018,4,4,2941.9),(1060,2,2018,2,4,456.668),(1061,2,2018,3,4,240.352),(1062,2,2018,1,4,86.5265),(1063,3,2018,6,4,11756),(1064,3,2018,5,4,14695),(1065,3,2018,4,4,71946.9),(1066,3,2018,2,4,11168.2),(1067,3,2018,3,4,5878.01),(1068,3,2018,1,4,2116.08),(1069,4,2018,6,4,9300.79),(1070,4,2018,5,4,11626),(1071,4,2018,4,4,56920.8),(1072,4,2018,2,4,8835.75),(1073,4,2018,3,4,4650.39),(1074,4,2018,1,4,1674.14),(1075,5,2018,6,4,40782.2),(1076,5,2018,5,4,50977.8),(1077,5,2018,4,4,249587),(1078,5,2018,2,4,38743.1),(1079,5,2018,3,4,20391.1),(1080,5,2018,1,4,7340.81),(1081,6,2018,6,4,64529.3),(1082,6,2018,5,4,80661.6),(1083,6,2018,4,4,394919),(1084,6,2018,2,4,61302.8),(1085,6,2018,3,4,32264.7),(1086,6,2018,1,4,11615.3),(1087,7,2018,6,4,106956),(1088,7,2018,5,4,133695),(1089,7,2018,4,4,654572),(1090,7,2018,2,4,101608),(1091,7,2018,3,4,53478.1),(1092,7,2018,1,4,19252.1),(1093,8,2018,6,4,149744),(1094,8,2018,5,4,187180),(1095,8,2018,4,4,916435),(1096,8,2018,2,4,142257),(1097,8,2018,3,4,74872.1),(1098,8,2018,1,4,26954),(1099,9,2018,6,4,65313.9),(1100,9,2018,5,4,81642.4),(1101,9,2018,4,4,399721),(1102,9,2018,2,4,62048.2),(1103,9,2018,3,4,32656.9),(1104,9,2018,1,4,11756.5),(1105,10,2018,6,4,34241.9),(1106,10,2018,5,4,42802.4),(1107,10,2018,4,4,209560),(1108,10,2018,2,4,32529.8),(1109,10,2018,3,4,17120.9),(1110,10,2018,1,4,6163.54),(1111,11,2018,6,4,56616.9),(1112,11,2018,5,4,70771.1),(1113,11,2018,4,4,346495),(1114,11,2018,2,4,53786.1),(1115,11,2018,3,4,28308.4),(1116,11,2018,1,4,10191),(1117,12,2018,6,4,8352.7),(1118,12,2018,5,4,10440.9),(1119,12,2018,4,4,51118.5),(1120,12,2018,2,4,7935.06),(1121,12,2018,3,4,4176.35),(1122,12,2018,1,4,1503.49),(1123,1,2019,6,4,3675.2),(1124,1,2019,5,4,4594),(1125,1,2019,4,4,22492.2),(1126,1,2019,2,4,3491.44),(1127,1,2019,3,4,1837.6),(1128,1,2019,1,4,661.536),(1129,2,2019,6,4,5026.8),(1130,2,2019,5,4,6283.5),(1131,2,2019,4,4,30764),(1132,2,2019,2,4,4775.46),(1133,2,2019,3,4,2513.4),(1134,2,2019,1,4,904.824),(1135,3,2019,6,4,14950.5),(1136,3,2019,5,4,18688.1),(1137,3,2019,4,4,91497.1),(1138,3,2019,2,4,14203),(1139,3,2019,3,4,7475.25),(1140,3,2019,1,4,2691.09),(1141,4,2019,6,4,11232.9),(1142,4,2019,5,4,14041.1),(1143,4,2019,4,4,68745.4),(1144,4,2019,2,4,10671.3),(1145,4,2019,3,4,5616.45),(1146,4,2019,1,4,2021.92),(1147,5,2019,6,4,26155.6),(1148,5,2019,5,4,32694.5),(1149,5,2019,4,4,160072),(1150,5,2019,2,4,24847.8),(1151,5,2019,3,4,13077.8),(1152,5,2019,1,4,4708.01),(1153,6,2019,6,4,34834.9),(1154,6,2019,5,4,43543.6),(1155,6,2019,4,4,213190),(1156,6,2019,2,4,33093.2),(1157,6,2019,3,4,17417.4),(1158,6,2019,1,4,6270.28),(1159,7,2019,6,4,31641.6),(1160,7,2019,5,4,39552),(1161,7,2019,4,4,193647),(1162,7,2019,2,4,30059.5),(1163,7,2019,3,4,15820.8),(1164,7,2019,1,4,5695.49),(1165,8,2019,6,4,17755.1),(1166,8,2019,5,4,22193.9),(1167,8,2019,4,4,108661),(1168,8,2019,2,4,16867.3),(1169,8,2019,3,4,8877.55),(1170,8,2019,1,4,3195.92),(1171,9,2019,6,4,36691),(1172,9,2019,5,4,45863.8),(1173,9,2019,4,4,224549),(1174,9,2019,2,4,34856.4),(1175,9,2019,3,4,18345.5),(1176,9,2019,1,4,6604.38),(1177,10,2019,6,4,109452),(1178,10,2019,5,4,136815),(1179,10,2019,4,4,669848),(1180,10,2019,2,4,103980),(1181,10,2019,3,4,54726.1),(1182,10,2019,1,4,19701.4),(1183,11,2019,6,4,33327.8),(1184,11,2019,5,4,41659.8),(1185,11,2019,4,4,203966),(1186,11,2019,2,4,31661.4),(1187,11,2019,3,4,16663.9),(1188,11,2019,1,4,5999),(1189,12,2019,6,4,0),(1190,12,2019,5,4,0),(1191,12,2019,4,4,0),(1192,12,2019,2,4,0),(1193,12,2019,3,4,0),(1194,12,2019,1,4,0),(1195,1,2014,6,3,693.12),(1196,1,2014,5,3,866.4),(1197,1,2014,4,3,4241.89),(1198,1,2014,2,3,658.464),(1199,1,2014,3,3,346.56),(1200,1,2014,1,3,124.762),(1201,2,2014,6,3,603.44),(1202,2,2014,5,3,754.3),(1203,2,2014,4,3,3693.05),(1204,2,2014,2,3,573.268),(1205,2,2014,3,3,301.72),(1206,2,2014,1,3,108.619),(1207,3,2014,6,3,6141.18),(1208,3,2014,5,3,7676.48),(1209,3,2014,4,3,37584),(1210,3,2014,2,3,5834.12),(1211,3,2014,3,3,3070.59),(1212,3,2014,1,3,1105.41),(1213,4,2014,6,3,40183.3),(1214,4,2014,5,3,50229.1),(1215,4,2014,4,3,245922),(1216,4,2014,2,3,38174.1),(1217,4,2014,3,3,20091.6),(1218,4,2014,1,3,7232.99),(1219,5,2014,6,3,64216.8),(1220,5,2014,5,3,80271),(1221,5,2014,4,3,393007),(1222,5,2014,2,3,61005.9),(1223,5,2014,3,3,32108.4),(1224,5,2014,1,3,11559),(1225,6,2014,6,3,15463.5),(1226,6,2014,5,3,19329.4),(1227,6,2014,4,3,94636.8),(1228,6,2014,2,3,14690.4),(1229,6,2014,3,3,7731.77),(1230,6,2014,1,3,2783.44),(1231,7,2014,6,3,27974.8),(1232,7,2014,5,3,34968.6),(1233,7,2014,4,3,171206),(1234,7,2014,2,3,26576.1),(1235,7,2014,3,3,13987.4),(1236,7,2014,1,3,5035.47),(1237,8,2014,6,3,8937.03),(1238,8,2014,5,3,11171.3),(1239,8,2014,4,3,54694.6),(1240,8,2014,2,3,8490.18),(1241,8,2014,3,3,4468.52),(1242,8,2014,1,3,1608.67),(1243,9,2014,6,3,6103.18),(1244,9,2014,5,3,7628.98),(1245,9,2014,4,3,37351.5),(1246,9,2014,2,3,5798.02),(1247,9,2014,3,3,3051.59),(1248,9,2014,1,3,1098.57),(1249,10,2014,6,3,12338.6),(1250,10,2014,5,3,15423.2),(1251,10,2014,4,3,75512.2),(1252,10,2014,2,3,11721.7),(1253,10,2014,3,3,6169.3),(1254,10,2014,1,3,2220.95),(1255,11,2014,6,3,4695.09),(1256,11,2014,5,3,5868.86),(1257,11,2014,4,3,28734),(1258,11,2014,2,3,4460.34),(1259,11,2014,3,3,2347.54),(1260,11,2014,1,3,845.116),(1261,12,2014,6,3,2788.44),(1262,12,2014,5,3,3485.55),(1263,12,2014,4,3,17065.3),(1264,12,2014,2,3,2649.02),(1265,12,2014,3,3,1394.22),(1266,12,2014,1,3,501.919),(1267,1,2015,6,3,297.92),(1268,1,2015,5,3,372.4),(1269,1,2015,4,3,1823.27),(1270,1,2015,2,3,283.024),(1271,1,2015,3,3,148.96),(1272,1,2015,1,3,53.6256),(1273,2,2015,6,3,825.55),(1274,2,2015,5,3,1031.94),(1275,2,2015,4,3,5052.37),(1276,2,2015,2,3,784.273),(1277,2,2015,3,3,412.775),(1278,2,2015,1,3,148.599),(1279,3,2015,6,3,6906.12),(1280,3,2015,5,3,8632.65),(1281,3,2015,4,3,42265.5),(1282,3,2015,2,3,6560.81),(1283,3,2015,3,3,3453.06),(1284,3,2015,1,3,1243.1),(1285,4,2015,6,3,12008),(1286,4,2015,5,3,15010),(1287,4,2015,4,3,73489),(1288,4,2015,2,3,11407.6),(1289,4,2015,3,3,6004),(1290,4,2015,1,3,2161.44),(1291,5,2015,6,3,21657.3),(1292,5,2015,5,3,27071.7),(1293,5,2015,4,3,132543),(1294,5,2015,2,3,20574.5),(1295,5,2015,3,3,10828.7),(1296,5,2015,1,3,3898.32),(1297,6,2015,6,3,120327),(1298,6,2015,5,3,150409),(1299,6,2015,4,3,736401),(1300,6,2015,2,3,114311),(1301,6,2015,3,3,60163.5),(1302,6,2015,1,3,21658.9),(1303,7,2015,6,3,73865.9),(1304,7,2015,5,3,92332.4),(1305,7,2015,4,3,452059),(1306,7,2015,2,3,70172.6),(1307,7,2015,3,3,36933),(1308,7,2015,1,3,13295.9),(1309,8,2015,6,3,36946.1),(1310,8,2015,5,3,46182.6),(1311,8,2015,4,3,226110),(1312,8,2015,2,3,35098.8),(1313,8,2015,3,3,18473),(1314,8,2015,1,3,6650.29),(1315,9,2015,6,3,20343.7),(1316,9,2015,5,3,25429.6),(1317,9,2015,4,3,124503),(1318,9,2015,2,3,19326.5),(1319,9,2015,3,3,10171.8),(1320,9,2015,1,3,3661.86),(1321,10,2015,6,3,13627.6),(1322,10,2015,5,3,17034.4),(1323,10,2015,4,3,83400.7),(1324,10,2015,2,3,12946.2),(1325,10,2015,3,3,6813.78),(1326,10,2015,1,3,2452.96),(1327,11,2015,6,3,10026.9),(1328,11,2015,5,3,12533.6),(1329,11,2015,4,3,61364.4),(1330,11,2015,2,3,9525.53),(1331,11,2015,3,3,5013.44),(1332,11,2015,1,3,1804.84),(1333,12,2015,6,3,132.81),(1334,12,2015,5,3,166.012),(1335,12,2015,4,3,812.797),(1336,12,2015,2,3,126.17),(1337,12,2015,3,3,66.405),(1338,12,2015,1,3,23.9058),(1339,1,2016,6,3,134.551),(1340,1,2016,5,3,168.189),(1341,1,2016,4,3,823.452),(1342,1,2016,2,3,127.823),(1343,1,2016,3,3,67.2755),(1344,1,2016,1,3,24.2192),(1345,2,2016,6,3,1325.42),(1346,2,2016,5,3,1656.77),(1347,2,2016,4,3,8111.55),(1348,2,2016,2,3,1259.15),(1349,2,2016,3,3,662.708),(1350,2,2016,1,3,238.575),(1351,3,2016,6,3,2478.46),(1352,3,2016,5,3,3098.07),(1353,3,2016,4,3,15168.2),(1354,3,2016,2,3,2354.53),(1355,3,2016,3,3,1239.23),(1356,3,2016,1,3,446.122),(1357,4,2016,6,3,18408.5),(1358,4,2016,5,3,23010.6),(1359,4,2016,4,3,112660),(1360,4,2016,2,3,17488),(1361,4,2016,3,3,9204.23),(1362,4,2016,1,3,3313.52),(1363,5,2016,6,3,35033.5),(1364,5,2016,5,3,43791.8),(1365,5,2016,4,3,214405),(1366,5,2016,2,3,33281.8),(1367,5,2016,3,3,17516.7),(1368,5,2016,1,3,6306.02),(1369,6,2016,6,3,33274.8),(1370,6,2016,5,3,41593.5),(1371,6,2016,4,3,203642),(1372,6,2016,2,3,31611),(1373,6,2016,3,3,16637.4),(1374,6,2016,1,3,5989.46),(1375,7,2016,6,3,12292.1),(1376,7,2016,5,3,15365.1),(1377,7,2016,4,3,75227.7),(1378,7,2016,2,3,11677.5),(1379,7,2016,3,3,6146.05),(1380,7,2016,1,3,2212.58),(1381,8,2016,6,3,3229.96),(1382,8,2016,5,3,4037.45),(1383,8,2016,4,3,19767.3),(1384,8,2016,2,3,3068.46),(1385,8,2016,3,3,1614.98),(1386,8,2016,1,3,581.392),(1387,9,2016,6,3,4844.49),(1388,9,2016,5,3,6055.61),(1389,9,2016,4,3,29648.3),(1390,9,2016,2,3,4602.27),(1391,9,2016,3,3,2422.25),(1392,9,2016,1,3,872.008),(1393,10,2016,6,3,4801.06),(1394,10,2016,5,3,6001.32),(1395,10,2016,4,3,29382.5),(1396,10,2016,2,3,4561),(1397,10,2016,3,3,2400.53),(1398,10,2016,1,3,864.19),(1399,11,2016,6,3,8824.45),(1400,11,2016,5,3,11030.6),(1401,11,2016,4,3,54005.6),(1402,11,2016,2,3,8383.22),(1403,11,2016,3,3,4412.22),(1404,11,2016,1,3,1588.4),(1405,12,2016,6,3,5024.77),(1406,12,2016,5,3,6280.97),(1407,12,2016,4,3,30751.6),(1408,12,2016,2,3,4773.54),(1409,12,2016,3,3,2512.39),(1410,12,2016,1,3,904.459),(1411,1,2017,6,3,2339.57),(1412,1,2017,5,3,2924.47),(1413,1,2017,4,3,14318.2),(1414,1,2017,2,3,2222.59),(1415,1,2017,3,3,1169.79),(1416,1,2017,1,3,421.123),(1417,2,2017,6,3,3731.18),(1418,2,2017,5,3,4663.98),(1419,2,2017,4,3,22834.8),(1420,2,2017,2,3,3544.62),(1421,2,2017,3,3,1865.59),(1422,2,2017,1,3,671.612),(1423,3,2017,6,3,15859.7),(1424,3,2017,5,3,19824.6),(1425,3,2017,4,3,97061.5),(1426,3,2017,2,3,15066.7),(1427,3,2017,3,3,7929.86),(1428,3,2017,1,3,2854.75),(1429,4,2017,6,3,34958.2),(1430,4,2017,5,3,43697.8),(1431,4,2017,4,3,213944),(1432,4,2017,2,3,33210.3),(1433,4,2017,3,3,17479.1),(1434,4,2017,1,3,6292.48),(1435,5,2017,6,3,53792),(1436,5,2017,5,3,67240),(1437,5,2017,4,3,329207),(1438,5,2017,2,3,51102.4),(1439,5,2017,3,3,26896),(1440,5,2017,1,3,9682.56),(1441,6,2017,6,3,29300.5),(1442,6,2017,5,3,36625.6),(1443,6,2017,4,3,179319),(1444,6,2017,2,3,27835.5),(1445,6,2017,3,3,14650.2),(1446,6,2017,1,3,5274.09),(1447,7,2017,6,3,87038.1),(1448,7,2017,5,3,108798),(1449,7,2017,4,3,532673),(1450,7,2017,2,3,82686.2),(1451,7,2017,3,3,43519),(1452,7,2017,1,3,15666.9),(1453,8,2017,6,3,83891.7),(1454,8,2017,5,3,104865),(1455,8,2017,4,3,513417),(1456,8,2017,2,3,79697.1),(1457,8,2017,3,3,41945.9),(1458,8,2017,1,3,15100.5),(1459,9,2017,6,3,110106),(1460,9,2017,5,3,137633),(1461,9,2017,4,3,673850),(1462,9,2017,2,3,104601),(1463,9,2017,3,3,55053.1),(1464,9,2017,1,3,19819.1),(1465,10,2017,6,3,92110.8),(1466,10,2017,5,3,115138),(1467,10,2017,4,3,563718),(1468,10,2017,2,3,87505.2),(1469,10,2017,3,3,46055.4),(1470,10,2017,1,3,16579.9),(1471,11,2017,6,3,43721.6),(1472,11,2017,5,3,54652.1),(1473,11,2017,4,3,267576),(1474,11,2017,2,3,41535.6),(1475,11,2017,3,3,21860.8),(1476,11,2017,1,3,7869.9),(1477,12,2017,6,3,12687),(1478,12,2017,5,3,15858.8),(1479,12,2017,4,3,77644.7),(1480,12,2017,2,3,12052.7),(1481,12,2017,3,3,6343.52),(1482,12,2017,1,3,2283.67),(1483,1,2018,6,3,0),(1484,1,2018,5,3,0),(1485,1,2018,4,3,0),(1486,1,2018,2,3,0),(1487,1,2018,3,3,0),(1488,1,2018,1,3,0),(1489,2,2018,6,3,2998.8),(1490,2,2018,5,3,3748.5),(1491,2,2018,4,3,18352.7),(1492,2,2018,2,3,2848.86),(1493,2,2018,3,3,1499.4),(1494,2,2018,1,3,539.785),(1495,3,2018,6,3,2602.1),(1496,3,2018,5,3,3252.63),(1497,3,2018,4,3,15924.9),(1498,3,2018,2,3,2472),(1499,3,2018,3,3,1301.05),(1500,3,2018,1,3,468.379),(1501,4,2018,6,3,29670.5),(1502,4,2018,5,3,37088.1),(1503,4,2018,4,3,181584),(1504,4,2018,2,3,28187),(1505,4,2018,3,3,14835.3),(1506,4,2018,1,3,5340.69),(1507,5,2018,6,3,39911.1),(1508,5,2018,5,3,49888.9),(1509,5,2018,4,3,244256),(1510,5,2018,2,3,37915.5),(1511,5,2018,3,3,19955.5),(1512,5,2018,1,3,7184),(1513,6,2018,6,3,57543.6),(1514,6,2018,5,3,71929.5),(1515,6,2018,4,3,352167),(1516,6,2018,2,3,54666.4),(1517,6,2018,3,3,28771.8),(1518,6,2018,1,3,10357.8),(1519,7,2018,6,3,87414.9),(1520,7,2018,5,3,109269),(1521,7,2018,4,3,534979),(1522,7,2018,2,3,83044.2),(1523,7,2018,3,3,43707.5),(1524,7,2018,1,3,15734.7),(1525,8,2018,6,3,116278),(1526,8,2018,5,3,145347),(1527,8,2018,4,3,711618),(1528,8,2018,2,3,110464),(1529,8,2018,3,3,58138.8),(1530,8,2018,1,3,20930),(1531,9,2018,6,3,77214),(1532,9,2018,5,3,96517.5),(1533,9,2018,4,3,472550),(1534,9,2018,2,3,73353.3),(1535,9,2018,3,3,38607),(1536,9,2018,1,3,13898.5),(1537,10,2018,6,3,30507.9),(1538,10,2018,5,3,38134.8),(1539,10,2018,4,3,186708),(1540,10,2018,2,3,28982.5),(1541,10,2018,3,3,15253.9),(1542,10,2018,1,3,5491.42),(1543,11,2018,6,3,20765.5),(1544,11,2018,5,3,25956.9),(1545,11,2018,4,3,127085),(1546,11,2018,2,3,19727.2),(1547,11,2018,3,3,10382.8),(1548,11,2018,1,3,3737.79),(1549,12,2018,6,3,5861.2),(1550,12,2018,5,3,7326.5),(1551,12,2018,4,3,35870.5),(1552,12,2018,2,3,5568.14),(1553,12,2018,3,3,2930.6),(1554,12,2018,1,3,1055.02),(1555,1,2019,6,3,1211.5),(1556,1,2019,5,3,1514.38),(1557,1,2019,4,3,7414.38),(1558,1,2019,2,3,1150.93),(1559,1,2019,3,3,605.75),(1560,1,2019,1,3,218.07),(1561,2,2019,6,3,3977.2),(1562,2,2019,5,3,4971.5),(1563,2,2019,4,3,24340.5),(1564,2,2019,2,3,3778.34),(1565,2,2019,3,3,1988.6),(1566,2,2019,1,3,715.896),(1567,3,2019,6,3,17110.5),(1568,3,2019,5,3,21388.1),(1569,3,2019,4,3,104716),(1570,3,2019,2,3,16255),(1571,3,2019,3,3,8555.25),(1572,3,2019,1,3,3079.89),(1573,4,2019,6,3,20676.7),(1574,4,2019,5,3,25845.9),(1575,4,2019,4,3,126541),(1576,4,2019,2,3,19642.9),(1577,4,2019,3,3,10338.3),(1578,4,2019,1,3,3721.81),(1579,5,2019,6,3,43635.6),(1580,5,2019,5,3,54544.5),(1581,5,2019,4,3,267050),(1582,5,2019,2,3,41453.8),(1583,5,2019,3,3,21817.8),(1584,5,2019,1,3,7854.41),(1585,6,2019,6,3,46295.7),(1586,6,2019,5,3,57869.6),(1587,6,2019,4,3,283330),(1588,6,2019,2,3,43980.9),(1589,6,2019,3,3,23147.8),(1590,6,2019,1,3,8333.23),(1591,7,2019,6,3,78171.3),(1592,7,2019,5,3,97714.1),(1593,7,2019,4,3,478408),(1594,7,2019,2,3,74262.7),(1595,7,2019,3,3,39085.6),(1596,7,2019,1,3,14070.8),(1597,8,2019,6,3,36297.9),(1598,8,2019,5,3,45372.4),(1599,8,2019,4,3,222143),(1600,8,2019,2,3,34483),(1601,8,2019,3,3,18148.9),(1602,8,2019,1,3,6533.62),(1603,9,2019,6,3,23913.7),(1604,9,2019,5,3,29892.1),(1605,9,2019,4,3,146352),(1606,9,2019,2,3,22718),(1607,9,2019,3,3,11956.8),(1608,9,2019,1,3,4304.47),(1609,10,2019,6,3,20763),(1610,10,2019,5,3,25953.8),(1611,10,2019,4,3,127070),(1612,10,2019,2,3,19724.8),(1613,10,2019,3,3,10381.5),(1614,10,2019,1,3,3737.34),(1615,11,2019,6,3,13218.1),(1616,11,2019,5,3,16522.6),(1617,11,2019,4,3,80894.8),(1618,11,2019,2,3,12557.2),(1619,11,2019,3,3,6609.05),(1620,11,2019,1,3,2379.26),(1621,12,2019,6,3,0),(1622,12,2019,5,3,0),(1623,12,2019,4,3,0),(1624,12,2019,2,3,0),(1625,12,2019,3,3,0),(1626,12,2019,1,3,0),(1627,1,2014,6,1,17.67),(1628,1,2014,5,1,22.0875),(1629,1,2014,4,1,108.14),(1630,1,2014,2,1,16.7865),(1631,1,2014,3,1,8.835),(1632,1,2014,1,1,3.1806),(1633,2,2014,6,1,5.32),(1634,2,2014,5,1,6.65),(1635,2,2014,4,1,32.5584),(1636,2,2014,2,1,5.054),(1637,2,2014,3,1,2.66),(1638,2,2014,1,1,0.9576),(1639,3,2014,6,1,2328.07),(1640,3,2014,5,1,2910.09),(1641,3,2014,4,1,14247.8),(1642,3,2014,2,1,2211.67),(1643,3,2014,3,1,1164.04),(1644,3,2014,1,1,419.053),(1645,4,2014,6,1,9649.91),(1646,4,2014,5,1,12062.4),(1647,4,2014,4,1,59057.4),(1648,4,2014,2,1,9167.41),(1649,4,2014,3,1,4824.96),(1650,4,2014,1,1,1736.98),(1651,5,2014,6,1,27292.2),(1652,5,2014,5,1,34115.2),(1653,5,2014,4,1,167028),(1654,5,2014,2,1,25927.6),(1655,5,2014,3,1,13646.1),(1656,5,2014,1,1,4912.59),(1657,6,2014,6,1,43475.6),(1658,6,2014,5,1,54344.5),(1659,6,2014,4,1,266071),(1660,6,2014,2,1,41301.8),(1661,6,2014,3,1,21737.8),(1662,6,2014,1,1,7825.61),(1663,7,2014,6,1,22082.2),(1664,7,2014,5,1,27602.7),(1665,7,2014,4,1,135143),(1666,7,2014,2,1,20978.1),(1667,7,2014,3,1,11041.1),(1668,7,2014,1,1,3974.79),(1669,8,2014,6,1,28182.7),(1670,8,2014,5,1,35228.4),(1671,8,2014,4,1,172478),(1672,8,2014,2,1,26773.6),(1673,8,2014,3,1,14091.3),(1674,8,2014,1,1,5072.89),(1675,9,2014,6,1,16675.7),(1676,9,2014,5,1,20844.7),(1677,9,2014,4,1,102055),(1678,9,2014,2,1,15841.9),(1679,9,2014,3,1,8337.87),(1680,9,2014,1,1,3001.63),(1681,10,2014,6,1,7015.18),(1682,10,2014,5,1,8768.97),(1683,10,2014,4,1,42932.9),(1684,10,2014,2,1,6664.42),(1685,10,2014,3,1,3507.59),(1686,10,2014,1,1,1262.73),(1687,11,2014,6,1,368.98),(1688,11,2014,5,1,461.225),(1689,11,2014,4,1,2258.16),(1690,11,2014,2,1,350.531),(1691,11,2014,3,1,184.49),(1692,11,2014,1,1,66.4164),(1693,12,2014,6,1,0),(1694,12,2014,5,1,0),(1695,12,2014,4,1,0),(1696,12,2014,2,1,0),(1697,12,2014,3,1,0),(1698,12,2014,1,1,0),(1699,1,2015,6,1,0),(1700,1,2015,5,1,0),(1701,1,2015,4,1,0),(1702,1,2015,2,1,0),(1703,1,2015,3,1,0),(1704,1,2015,1,1,0),(1705,2,2015,6,1,0),(1706,2,2015,5,1,0),(1707,2,2015,4,1,0),(1708,2,2015,2,1,0),(1709,2,2015,3,1,0),(1710,2,2015,1,1,0),(1711,3,2015,6,1,79.04),(1712,3,2015,5,1,98.8),(1713,3,2015,4,1,483.725),(1714,3,2015,2,1,75.088),(1715,3,2015,3,1,39.52),(1716,3,2015,1,1,14.2272),(1717,4,2015,6,1,10909.2),(1718,4,2015,5,1,13636.5),(1719,4,2015,4,1,66764.5),(1720,4,2015,2,1,10363.8),(1721,4,2015,3,1,5454.62),(1722,4,2015,1,1,1963.66),(1723,5,2015,6,1,38506.4),(1724,5,2015,5,1,48132.9),(1725,5,2015,4,1,235659),(1726,5,2015,2,1,36581),(1727,5,2015,3,1,19253.2),(1728,5,2015,1,1,6931.14),(1729,6,2015,6,1,53721),(1730,6,2015,5,1,67151.2),(1731,6,2015,4,1,328772),(1732,6,2015,2,1,51034.9),(1733,6,2015,3,1,26860.5),(1734,6,2015,1,1,9669.78),(1735,7,2015,6,1,17107.8),(1736,7,2015,5,1,21384.7),(1737,7,2015,4,1,104700),(1738,7,2015,2,1,16252.4),(1739,7,2015,3,1,8553.89),(1740,7,2015,1,1,3079.4),(1741,8,2015,6,1,16142.6),(1742,8,2015,5,1,20178.2),(1743,8,2015,4,1,98792.6),(1744,8,2015,2,1,15335.5),(1745,8,2015,3,1,8071.29),(1746,8,2015,1,1,2905.67),(1747,9,2015,6,1,3836.86),(1748,9,2015,5,1,4796.08),(1749,9,2015,4,1,23481.6),(1750,9,2015,2,1,3645.02),(1751,9,2015,3,1,1918.43),(1752,9,2015,1,1,690.635),(1753,10,2015,6,1,1200.42),(1754,10,2015,5,1,1500.53),(1755,10,2015,4,1,7346.57),(1756,10,2015,2,1,1140.4),(1757,10,2015,3,1,600.21),(1758,10,2015,1,1,216.076),(1759,11,2015,6,1,100.32),(1760,11,2015,5,1,125.4),(1761,11,2015,4,1,613.958),(1762,11,2015,2,1,95.304),(1763,11,2015,3,1,50.16),(1764,11,2015,1,1,18.0576),(1765,12,2015,6,1,26.22),(1766,12,2015,5,1,32.775),(1767,12,2015,4,1,160.466),(1768,12,2015,2,1,24.909),(1769,12,2015,3,1,13.11),(1770,12,2015,1,1,4.7196),(1771,1,2016,6,1,0),(1772,1,2016,5,1,0),(1773,1,2016,4,1,0),(1774,1,2016,2,1,0),(1775,1,2016,3,1,0),(1776,1,2016,1,1,0),(1777,2,2016,6,1,84.6802),(1778,2,2016,5,1,105.85),(1779,2,2016,4,1,518.243),(1780,2,2016,2,1,80.4462),(1781,2,2016,3,1,42.3401),(1782,2,2016,1,1,15.2424),(1783,3,2016,6,1,44.6748),(1784,3,2016,5,1,55.8435),(1785,3,2016,4,1,273.41),(1786,3,2016,2,1,42.4411),(1787,3,2016,3,1,22.3374),(1788,3,2016,1,1,8.04146),(1789,4,2016,6,1,2086.18),(1790,4,2016,5,1,2607.72),(1791,4,2016,4,1,12767.4),(1792,4,2016,2,1,1981.87),(1793,4,2016,3,1,1043.09),(1794,4,2016,1,1,375.512),(1795,5,2016,6,1,17842.3),(1796,5,2016,5,1,22302.9),(1797,5,2016,4,1,109195),(1798,5,2016,2,1,16950.2),(1799,5,2016,3,1,8921.15),(1800,5,2016,1,1,3211.61),(1801,6,2016,6,1,53347),(1802,6,2016,5,1,66683.8),(1803,6,2016,4,1,326484),(1804,6,2016,2,1,50679.6),(1805,6,2016,3,1,26673.5),(1806,6,2016,1,1,9602.46),(1807,7,2016,6,1,40353.6),(1808,7,2016,5,1,50442),(1809,7,2016,4,1,246964),(1810,7,2016,2,1,38335.9),(1811,7,2016,3,1,20176.8),(1812,7,2016,1,1,7263.65),(1813,8,2016,6,1,22565.9),(1814,8,2016,5,1,28207.4),(1815,8,2016,4,1,138103),(1816,8,2016,2,1,21437.6),(1817,8,2016,3,1,11283),(1818,8,2016,1,1,4061.86),(1819,9,2016,6,1,8711.67),(1820,9,2016,5,1,10889.6),(1821,9,2016,4,1,53315.4),(1822,9,2016,2,1,8276.09),(1823,9,2016,3,1,4355.84),(1824,9,2016,1,1,1568.1),(1825,10,2016,6,1,7399.88),(1826,10,2016,5,1,9249.84),(1827,10,2016,4,1,45287.2),(1828,10,2016,2,1,7029.88),(1829,10,2016,3,1,3699.94),(1830,10,2016,1,1,1331.98),(1831,11,2016,6,1,6111),(1832,11,2016,5,1,7638.75),(1833,11,2016,4,1,37399.3),(1834,11,2016,2,1,5805.45),(1835,11,2016,3,1,3055.5),(1836,11,2016,1,1,1099.98),(1837,12,2016,6,1,2121.88),(1838,12,2016,5,1,2652.34),(1839,12,2016,4,1,12985.9),(1840,12,2016,2,1,2015.78),(1841,12,2016,3,1,1060.94),(1842,12,2016,1,1,381.938),(1843,1,2017,6,1,29.9094),(1844,1,2017,5,1,37.3867),(1845,1,2017,4,1,183.046),(1846,1,2017,2,1,28.4139),(1847,1,2017,3,1,14.9547),(1848,1,2017,1,1,5.38369),(1849,2,2017,6,1,378.474),(1850,2,2017,5,1,473.092),(1851,2,2017,4,1,2316.26),(1852,2,2017,2,1,359.55),(1853,2,2017,3,1,189.237),(1854,2,2017,1,1,68.1253),(1855,3,2017,6,1,331.728),(1856,3,2017,5,1,414.66),(1857,3,2017,4,1,2030.17),(1858,3,2017,2,1,315.141),(1859,3,2017,3,1,165.864),(1860,3,2017,1,1,59.711),(1861,4,2017,6,1,173.25),(1862,4,2017,5,1,216.562),(1863,4,2017,4,1,1060.29),(1864,4,2017,2,1,164.587),(1865,4,2017,3,1,86.625),(1866,4,2017,1,1,31.185),(1867,5,2017,6,1,9428.83),(1868,5,2017,5,1,11786),(1869,5,2017,4,1,57704.4),(1870,5,2017,2,1,8957.38),(1871,5,2017,3,1,4714.41),(1872,5,2017,1,1,1697.19),(1873,6,2017,6,1,14957.5),(1874,6,2017,5,1,18696.8),(1875,6,2017,4,1,91539.6),(1876,6,2017,2,1,14209.6),(1877,6,2017,3,1,7478.73),(1878,6,2017,1,1,2692.34),(1879,7,2017,6,1,12309.7),(1880,7,2017,5,1,15387.1),(1881,7,2017,4,1,75335.2),(1882,7,2017,2,1,11694.2),(1883,7,2017,3,1,6154.84),(1884,7,2017,1,1,2215.74),(1885,8,2017,6,1,12389),(1886,8,2017,5,1,15486.2),(1887,8,2017,4,1,75820.4),(1888,8,2017,2,1,11769.5),(1889,8,2017,3,1,6194.48),(1890,8,2017,1,1,2230.01),(1891,9,2017,6,1,8419.42),(1892,9,2017,5,1,10524.3),(1893,9,2017,4,1,51526.9),(1894,9,2017,2,1,7998.45),(1895,9,2017,3,1,4209.71),(1896,9,2017,1,1,1515.5),(1897,10,2017,6,1,954.1),(1898,10,2017,5,1,1192.62),(1899,10,2017,4,1,5839.09),(1900,10,2017,2,1,906.395),(1901,10,2017,3,1,477.05),(1902,10,2017,1,1,171.738),(1903,11,2017,6,1,700.942),(1904,11,2017,5,1,876.177),(1905,11,2017,4,1,4289.77),(1906,11,2017,2,1,665.895),(1907,11,2017,3,1,350.471),(1908,11,2017,1,1,126.17),(1909,12,2017,6,1,75.325),(1910,12,2017,5,1,94.1562),(1911,12,2017,4,1,460.989),(1912,12,2017,2,1,71.5587),(1913,12,2017,3,1,37.6625),(1914,12,2017,1,1,13.5585),(1915,1,2018,6,1,11.268),(1916,1,2018,5,1,14.085),(1917,1,2018,4,1,68.9602),(1918,1,2018,2,1,10.7046),(1919,1,2018,3,1,5.634),(1920,1,2018,1,1,2.02824),(1921,2,2018,6,1,15.3996),(1922,2,2018,5,1,19.2495),(1923,2,2018,4,1,94.2456),(1924,2,2018,2,1,14.6296),(1925,2,2018,3,1,7.6998),(1926,2,2018,1,1,2.77193),(1927,3,2018,6,1,42.64),(1928,3,2018,5,1,53.3),(1929,3,2018,4,1,260.957),(1930,3,2018,2,1,40.508),(1931,3,2018,3,1,21.32),(1932,3,2018,1,1,7.6752),(1933,4,2018,6,1,392.205),(1934,4,2018,5,1,490.256),(1935,4,2018,4,1,2400.29),(1936,4,2018,2,1,372.595),(1937,4,2018,3,1,196.102),(1938,4,2018,1,1,70.5969),(1939,5,2018,6,1,4653.71),(1940,5,2018,5,1,5817.14),(1941,5,2018,4,1,28480.7),(1942,5,2018,2,1,4421.03),(1943,5,2018,3,1,2326.86),(1944,5,2018,1,1,837.668),(1945,6,2018,6,1,4205.23),(1946,6,2018,5,1,5256.53),(1947,6,2018,4,1,25736),(1948,6,2018,2,1,3994.97),(1949,6,2018,3,1,2102.61),(1950,6,2018,1,1,756.941),(1951,7,2018,6,1,4332.69),(1952,7,2018,5,1,5415.86),(1953,7,2018,4,1,26516.1),(1954,7,2018,2,1,4116.06),(1955,7,2018,3,1,2166.34),(1956,7,2018,1,1,779.884),(1957,8,2018,6,1,10592.9),(1958,8,2018,5,1,13241.1),(1959,8,2018,4,1,64828.3),(1960,8,2018,2,1,10063.2),(1961,8,2018,3,1,5296.43),(1962,8,2018,1,1,1906.72),(1963,9,2018,6,1,5889.07),(1964,9,2018,5,1,7361.34),(1965,9,2018,4,1,36041.1),(1966,9,2018,2,1,5594.62),(1967,9,2018,3,1,2944.53),(1968,9,2018,1,1,1060.03),(1969,10,2018,6,1,4031.5),(1970,10,2018,5,1,5039.38),(1971,10,2018,4,1,24672.8),(1972,10,2018,2,1,3829.93),(1973,10,2018,3,1,2015.75),(1974,10,2018,1,1,725.67),(1975,11,2018,6,1,2603.8),(1976,11,2018,5,1,3254.75),(1977,11,2018,4,1,15935.3),(1978,11,2018,2,1,2473.61),(1979,11,2018,3,1,1301.9),(1980,11,2018,1,1,468.684),(1981,12,2018,6,1,583.1),(1982,12,2018,5,1,728.875),(1983,12,2018,4,1,3568.57),(1984,12,2018,2,1,553.945),(1985,12,2018,3,1,291.55),(1986,12,2018,1,1,104.958),(1987,1,2019,6,1,0),(1988,1,2019,5,1,0),(1989,1,2019,4,1,0),(1990,1,2019,2,1,0),(1991,1,2019,3,1,0),(1992,1,2019,1,1,0),(1993,2,2019,6,1,0),(1994,2,2019,5,1,0),(1995,2,2019,4,1,0),(1996,2,2019,2,1,0),(1997,2,2019,3,1,0),(1998,2,2019,1,1,0),(1999,3,2019,6,1,0),(2000,3,2019,5,1,0),(2001,3,2019,4,1,0),(2002,3,2019,2,1,0),(2003,3,2019,3,1,0),(2004,3,2019,1,1,0),(2005,4,2019,6,1,0),(2006,4,2019,5,1,0),(2007,4,2019,4,1,0),(2008,4,2019,2,1,0),(2009,4,2019,3,1,0),(2010,4,2019,1,1,0),(2011,5,2019,6,1,0),(2012,5,2019,5,1,0),(2013,5,2019,4,1,0),(2014,5,2019,2,1,0),(2015,5,2019,3,1,0),(2016,5,2019,1,1,0),(2017,6,2019,6,1,0),(2018,6,2019,5,1,0),(2019,6,2019,4,1,0),(2020,6,2019,2,1,0),(2021,6,2019,3,1,0),(2022,6,2019,1,1,0),(2023,7,2019,6,1,0),(2024,7,2019,5,1,0),(2025,7,2019,4,1,0),(2026,7,2019,2,1,0),(2027,7,2019,3,1,0),(2028,7,2019,1,1,0),(2029,8,2019,6,1,3168.8),(2030,8,2019,5,1,3961),(2031,8,2019,4,1,19393.1),(2032,8,2019,2,1,3010.36),(2033,8,2019,3,1,1584.4),(2034,8,2019,1,1,570.384),(2035,9,2019,6,1,6658.9),(2036,9,2019,5,1,8323.62),(2037,9,2019,4,1,40752.5),(2038,9,2019,2,1,6325.96),(2039,9,2019,3,1,3329.45),(2040,9,2019,1,1,1198.6),(2041,10,2019,6,1,3775.5),(2042,10,2019,5,1,4719.38),(2043,10,2019,4,1,23106.1),(2044,10,2019,2,1,3586.73),(2045,10,2019,3,1,1887.75),(2046,10,2019,1,1,679.59),(2047,11,2019,6,1,2002.7),(2048,11,2019,5,1,2503.38),(2049,11,2019,4,1,12256.5),(2050,11,2019,2,1,1902.56),(2051,11,2019,3,1,1001.35),(2052,11,2019,1,1,360.486),(2053,12,2019,6,1,0),(2054,12,2019,5,1,0),(2055,12,2019,4,1,0),(2056,12,2019,2,1,0),(2057,12,2019,3,1,0),(2058,12,2019,1,1,0);

#
# Structure for table "kelompoknelayan"
#

DROP TABLE IF EXISTS `kelompoknelayan`;
CREATE TABLE `kelompoknelayan` (
  `IDKelompok` int(11) NOT NULL AUTO_INCREMENT,
  `NamaKelompok` varchar(255) DEFAULT NULL,
  `NamaKetua` varchar(255) DEFAULT NULL,
  `NoHP` varchar(255) DEFAULT NULL,
  `IDDesa` int(11) DEFAULT NULL,
  `IDKecamatan` int(11) DEFAULT NULL,
  PRIMARY KEY (`IDKelompok`),
  KEY `IDDesa` (`IDDesa`),
  KEY `IDKecamatan` (`IDKecamatan`),
  CONSTRAINT `kelompoknelayan_ibfk_1` FOREIGN KEY (`IDDesa`) REFERENCES `desa` (`IDDesa`),
  CONSTRAINT `kelompoknelayan_ibfk_2` FOREIGN KEY (`IDKecamatan`) REFERENCES `kecamatan` (`IDKecamatan`)
) ENGINE=InnoDB AUTO_INCREMENT=14 DEFAULT CHARSET=utf8mb4;

#
# Data for table "kelompoknelayan"
#

INSERT INTO `kelompoknelayan` VALUES (2,'Bina Mandiri','Teguh Pitono','082336663948',1,1),(3,'Bina Karya Mina','Sriadi','081223746764',2,2),(4,'Misra','Seniman','081217360887',3,2),(5,'Mina Karya','Jemadi','081331431592',4,3),(6,'Mina Harapan Jaya','Wanto','081230900924',5,3),(7,'Mina Rukun','Erfan Faeni','082336270606',6,4),(8,'Mina Bina Lestari','Sih Budiari','085855951587',6,4),(9,'Mina Asri','Sih Hariyadi','083834658860',7,4),(10,'Mini Lestari','Kamulyan','081319107101',8,5),(11,'Mini Purwodadi','Sih Wiharjo','085649824109',9,5),(12,'Puji Lestari','Budi Leksono','',10,5),(13,'Licin Jaya','Triono','082312345055',11,6);

#
# Structure for table "latih"
#

DROP TABLE IF EXISTS `latih`;
CREATE TABLE `latih` (
  `Id` int(11) NOT NULL AUTO_INCREMENT,
  `tanggal` date DEFAULT NULL,
  `jumlah` int(11) DEFAULT NULL,
  PRIMARY KEY (`Id`)
) ENGINE=InnoDB AUTO_INCREMENT=73 DEFAULT CHARSET=utf8mb4;

#
# Data for table "latih"
#

INSERT INTO `latih` VALUES (1,'2014-01-01',693),(2,'2014-02-01',603),(3,'2014-03-01',6141),(4,'2014-04-01',40183),(5,'2014-05-01',64217),(6,'2014-06-01',15464),(7,'2014-07-01',27975),(8,'2014-08-01',8937),(9,'2014-09-01',6103),(10,'2014-10-01',12339),(11,'2014-11-01',4695),(12,'2014-12-01',2788),(13,'2015-01-01',298),(14,'2015-02-01',826),(15,'2015-03-01',6906),(16,'2015-04-01',12008),(17,'2015-05-01',21657),(18,'2015-06-01',120327),(19,'2015-07-01',73866),(20,'2015-08-01',36946),(21,'2015-09-01',20344),(22,'2015-10-01',13628),(23,'2015-11-01',10027),(24,'2015-12-01',133),(25,'2016-01-01',135),(26,'2016-02-01',1325),(27,'2016-03-01',2478),(28,'2016-04-01',18408),(29,'2016-05-01',35033),(30,'2016-06-01',33275),(31,'2016-07-01',12292),(32,'2016-08-01',3230),(33,'2016-09-01',4844),(34,'2016-10-01',4801),(35,'2016-11-01',8824),(36,'2016-12-01',5025),(37,'2017-01-01',2340),(38,'2017-02-01',3731),(39,'2017-03-01',15860),(40,'2017-04-01',34958),(41,'2017-05-01',53792),(42,'2017-06-01',29300),(43,'2017-07-01',87038),(44,'2017-08-01',83892),(45,'2017-09-01',110106),(46,'2017-10-01',92111),(47,'2017-11-01',43722),(48,'2017-12-01',12687),(49,'2018-01-01',200),(50,'2018-02-01',1394),(51,'2018-03-01',1210),(52,'2018-04-01',13797),(53,'2018-05-01',18559),(54,'2018-06-01',26758),(55,'2018-07-01',40648),(56,'2018-08-01',54069),(57,'2018-09-01',35905),(58,'2018-10-01',14186),(59,'2018-11-01',9656),(60,'2018-12-01',2725),(61,'2019-01-01',1212),(62,'2019-02-01',3977),(63,'2019-03-01',17111),(64,'2019-04-01',20677),(65,'2019-05-01',43636),(66,'2019-06-01',46296),(67,'2019-07-01',78171),(68,'2019-08-01',52000),(69,'2019-09-01',23914),(70,'2019-10-01',20763),(71,'2019-11-01',13218),(72,'2019-12-01',2600);

#
# Structure for table "outbox"
#

DROP TABLE IF EXISTS `outbox`;
CREATE TABLE `outbox` (
  `ID` int(10) unsigned NOT NULL AUTO_INCREMENT,
  `UpdatedInDB` timestamp NOT NULL DEFAULT current_timestamp() ON UPDATE current_timestamp(),
  `InsertIntoDB` timestamp NOT NULL DEFAULT '0000-00-00 00:00:00',
  `SendingDateTime` timestamp NOT NULL DEFAULT '0000-00-00 00:00:00',
  `SendBefore` time NOT NULL DEFAULT '23:59:59',
  `SendAfter` time NOT NULL DEFAULT '00:00:00',
  `Text` text DEFAULT NULL,
  `DestinationNumber` varchar(20) NOT NULL DEFAULT '',
  `Coding` enum('Default_No_Compression','Unicode_No_Compression','8bit','Default_Compression','Unicode_Compression') NOT NULL DEFAULT 'Default_No_Compression',
  `UDH` text DEFAULT NULL,
  `Class` int(11) DEFAULT -1,
  `TextDecoded` text NOT NULL,
  `MultiPart` enum('false','true') DEFAULT 'false',
  `RelativeValidity` int(11) DEFAULT -1,
  `SenderID` varchar(255) DEFAULT NULL,
  `SendingTimeOut` timestamp NULL DEFAULT '0000-00-00 00:00:00',
  `DeliveryReport` enum('default','yes','no') DEFAULT 'default',
  `CreatorID` text NOT NULL,
  PRIMARY KEY (`ID`),
  KEY `outbox_date` (`SendingDateTime`,`SendingTimeOut`),
  KEY `outbox_sender` (`SenderID`)
) ENGINE=MyISAM AUTO_INCREMENT=15 DEFAULT CHARSET=utf8;

#
# Data for table "outbox"
#


#
# Structure for table "outbox_multipart"
#

DROP TABLE IF EXISTS `outbox_multipart`;
CREATE TABLE `outbox_multipart` (
  `Text` text DEFAULT NULL,
  `Coding` enum('Default_No_Compression','Unicode_No_Compression','8bit','Default_Compression','Unicode_Compression') NOT NULL DEFAULT 'Default_No_Compression',
  `UDH` text DEFAULT NULL,
  `Class` int(11) DEFAULT -1,
  `TextDecoded` text DEFAULT NULL,
  `ID` int(10) unsigned NOT NULL DEFAULT 0,
  `SequencePosition` int(11) NOT NULL DEFAULT 1,
  PRIMARY KEY (`ID`,`SequencePosition`)
) ENGINE=MyISAM DEFAULT CHARSET=utf8;

#
# Data for table "outbox_multipart"
#


#
# Structure for table "pbk"
#

DROP TABLE IF EXISTS `pbk`;
CREATE TABLE `pbk` (
  `ID` int(11) NOT NULL AUTO_INCREMENT,
  `GroupID` int(11) NOT NULL DEFAULT -1,
  `Name` text NOT NULL,
  `Number` text NOT NULL,
  PRIMARY KEY (`ID`)
) ENGINE=MyISAM AUTO_INCREMENT=13 DEFAULT CHARSET=utf8;

#
# Data for table "pbk"
#

/*!40000 ALTER TABLE `pbk` DISABLE KEYS */;
INSERT INTO `pbk` VALUES (3,2,'Awan Pribadi','+6285785466352'),(4,2,'Sisworoso, S.pd, M.Pd','+6285674934596'),(5,2,'Drs. Pratikno','+6281276879383'),(6,2,'Candra Pratiwi, S.Hum','+6285749422912'),(7,2,'Lilis Rohani, S.Pd','+6289646587092'),(9,3,'Lilik Setyowati, S.E','+6281235468605'),(10,3,'Wiwik Pujiastuti','+6285874834790'),(11,3,'Sujono','+6281555666777'),(12,3,'Paimin','+6285677033444');
/*!40000 ALTER TABLE `pbk` ENABLE KEYS */;

#
# Structure for table "pbk_groups"
#

DROP TABLE IF EXISTS `pbk_groups`;
CREATE TABLE `pbk_groups` (
  `Name` text NOT NULL,
  `ID` int(11) NOT NULL AUTO_INCREMENT,
  PRIMARY KEY (`ID`)
) ENGINE=MyISAM AUTO_INCREMENT=4 DEFAULT CHARSET=utf8;

#
# Data for table "pbk_groups"
#

/*!40000 ALTER TABLE `pbk_groups` DISABLE KEYS */;
INSERT INTO `pbk_groups` VALUES ('Guru',2),('Karyawan',3);
/*!40000 ALTER TABLE `pbk_groups` ENABLE KEYS */;

#
# Structure for table "phones"
#

DROP TABLE IF EXISTS `phones`;
CREATE TABLE `phones` (
  `ID` text NOT NULL,
  `UpdatedInDB` timestamp NOT NULL DEFAULT current_timestamp() ON UPDATE current_timestamp(),
  `InsertIntoDB` timestamp NOT NULL DEFAULT '0000-00-00 00:00:00',
  `TimeOut` timestamp NOT NULL DEFAULT '0000-00-00 00:00:00',
  `Send` enum('yes','no') NOT NULL DEFAULT 'no',
  `Receive` enum('yes','no') NOT NULL DEFAULT 'no',
  `IMEI` varchar(35) NOT NULL,
  `Client` text NOT NULL,
  `Battery` int(11) NOT NULL DEFAULT -1,
  `Signal` int(11) NOT NULL DEFAULT -1,
  `Sent` int(11) NOT NULL DEFAULT 0,
  `Received` int(11) NOT NULL DEFAULT 0,
  PRIMARY KEY (`IMEI`)
) ENGINE=MyISAM DEFAULT CHARSET=utf8;

#
# Data for table "phones"
#

/*!40000 ALTER TABLE `phones` DISABLE KEYS */;
INSERT INTO `phones` VALUES ('','2016-08-29 22:44:17','2016-08-29 21:53:54','2016-08-29 22:44:27','yes','yes','353907049302499','Gammu 1.33.0, Windows Server 2007, GCC 4.7, MinGW 3.11',100,24,2,5),('','2020-05-01 13:04:04','2020-04-30 18:25:23','2020-05-01 13:04:14','yes','yes','353928046921032ӯ','Gammu 1.33.0, Windows Server 2007, GCC 4.7, MinGW 3.11',100,42,2,0);
/*!40000 ALTER TABLE `phones` ENABLE KEYS */;

#
# Structure for table "sentitems"
#

DROP TABLE IF EXISTS `sentitems`;
CREATE TABLE `sentitems` (
  `ID` int(10) unsigned NOT NULL,
  `TextDecoded` text NOT NULL,
  `Class` int(11) NOT NULL DEFAULT -1,
  `UpdatedInDB` timestamp NOT NULL DEFAULT current_timestamp() ON UPDATE current_timestamp(),
  `InsertIntoDB` timestamp NOT NULL DEFAULT '0000-00-00 00:00:00',
  `SendingDateTime` timestamp NOT NULL DEFAULT '0000-00-00 00:00:00',
  `DeliveryDateTime` timestamp NULL DEFAULT NULL,
  `Text` text NOT NULL,
  `DestinationNumber` varchar(20) NOT NULL DEFAULT '',
  `Coding` enum('Default_No_Compression','Unicode_No_Compression','8bit','Default_Compression','Unicode_Compression') NOT NULL DEFAULT 'Default_No_Compression',
  `UDH` text NOT NULL,
  `SMSCNumber` varchar(20) NOT NULL DEFAULT '',
  `SenderID` varchar(255) NOT NULL,
  `SequencePosition` int(11) NOT NULL DEFAULT 1,
  `Status` enum('SendingOK','SendingOKNoReport','SendingError','DeliveryOK','DeliveryFailed','DeliveryPending','DeliveryUnknown','Error') NOT NULL DEFAULT 'SendingOK',
  `StatusError` int(11) NOT NULL DEFAULT -1,
  `TPMR` int(11) NOT NULL DEFAULT -1,
  `RelativeValidity` int(11) NOT NULL DEFAULT -1,
  `CreatorID` text NOT NULL,
  PRIMARY KEY (`ID`,`SequencePosition`),
  KEY `sentitems_date` (`DeliveryDateTime`),
  KEY `sentitems_tpmr` (`TPMR`),
  KEY `sentitems_dest` (`DestinationNumber`),
  KEY `sentitems_sender` (`SenderID`)
) ENGINE=MyISAM DEFAULT CHARSET=utf8;

#
# Data for table "sentitems"
#

/*!40000 ALTER TABLE `sentitems` DISABLE KEYS */;
INSERT INTO `sentitems` VALUES (7,'Berat badan DODIT MULYANTO adalah 52 kg.',-1,'2016-08-25 21:52:30','2016-08-25 21:52:18','2016-08-25 21:52:30',NULL,'0042006500720061007400200062006100640061006E00200044004F0044004900540020004D0055004C00590041004E0054004F0020006100640061006C006100680020003500320020006B0067002E','+6285785466352','Default_No_Compression','','+62816124','',1,'SendingOKNoReport',-1,243,255,''),(9,'Tanggal lahir AGUS HARIYANTO adalah 12-04-1990.',-1,'2016-08-29 21:56:04','2016-08-29 21:55:53','2016-08-29 21:56:04',NULL,'00540061006E006700670061006C0020006C0061006800690072002000410047005500530020004800410052004900590041004E0054004F0020006100640061006C00610068002000310032002D00300034002D0031003900390030002E','+6282332557253','Default_No_Compression','','+62816124','',1,'SendingOKNoReport',-1,34,255,''),(10,'adadada',-1,'2020-04-30 16:14:56','2020-04-30 16:14:44','2020-04-30 16:14:56',NULL,'0061006400610064006100640061','081231779970','Default_No_Compression','','+6289644000001','',1,'SendingOKNoReport',-1,57,255,''),(11,'SMs Lahi',-1,'2020-04-30 16:16:32','2020-04-30 16:16:21','2020-04-30 16:16:32',NULL,'0053004D00730020004C006100680069','081231779970','Default_No_Compression','','+6289644000001','',1,'SendingOKNoReport',-1,58,255,''),(12,'anotherr',-1,'2020-04-30 16:18:07','2020-04-30 16:17:47','2020-04-30 16:18:07',NULL,'0061006E006F00740068006500720072','+6281231779970','Default_No_Compression','','+6289644000001','',1,'SendingOKNoReport',-1,59,255,''),(13,'test',-1,'2020-04-30 21:59:10','2020-04-30 21:59:03','2020-04-30 21:59:10',NULL,'0074006500730074','+6283224224242','Default_No_Compression','','+6289644000001','',1,'SendingOKNoReport',-1,60,255,''),(14,'test',-1,'2020-04-30 22:00:44','2020-04-30 22:00:20','2020-04-30 22:00:44',NULL,'0074006500730074','+6287662626263848128','Default_No_Compression','','+6289644000001','',1,'SendingError',-1,-1,255,'');
/*!40000 ALTER TABLE `sentitems` ENABLE KEYS */;

#
# Trigger "outbox_timestamp"
#

DROP TRIGGER IF EXISTS `outbox_timestamp`;
dita_arima

#
# Trigger "phones_timestamp"
#

DROP TRIGGER IF EXISTS `phones_timestamp`;
dita_arima

#
# Trigger "sentitems_timestamp"
#

DROP TRIGGER IF EXISTS `sentitems_timestamp`;
dita_arima
